0	南投縣	Nantou County
3	中寮鄉	Zhongliao Township, Nantou County
3	仁愛鄉	Ren’ai Township, Nantou County
3	信義鄉	Xinyi Township, Nantou County
3	南投市	Nantou City, Nantou County
3	名間鄉	Mingjian Township, Nantou County
3	國姓鄉	Guoxing Township, Nantou County
3	埔里鎮	Puli Township, Nantou County
3	水里鄉	Shuili Township, Nantou County
3	竹山鎮	Zhushan Township, Nantou County
3	草屯鎮	Caotun Township, Nantou County
3	集集鎮	Jiji Township, Nantou County
3	魚池鄉	Yuchi Township, Nantou County
3	鹿谷鄉	Lugu Township, Nantou County
0	嘉義市	Chiayi City
3	東區	East Dist., Chiayi City
3	西區	West Dist., Chiayi City
2	縣	Chiayi County
3	中埔鄉	Zhongpu Township, Chiayi County
3	六腳鄉	Liujiao Township, Chiayi County
3	大埔鄉	Dapu Township, Chiayi County
4	林鎮	Dalin Township, Chiayi County
3	太保市	Taibao City, Chiayi County
3	布袋鎮	Budai Township, Chiayi County
3	新港鄉	Xingang Township, Chiayi County
3	朴子市	Puzi City, Chiayi County
3	東石鄉	Dongshi Township, Chiayi County
3	梅山鄉	Meishan Township, Chiayi County
3	民雄鄉	Minxiong Township, Chiayi County
3	水上鄉	Shuishang Township, Chiayi County
3	溪口鄉	Xikou Township, Chiayi County
3	番路鄉	Fanlu Township, Chiayi County
3	竹崎鄉	Zhuqi Township, Chiayi County
3	義竹鄉	Yizhu Township, Chiayi County
3	阿里山鄉	Alishan Township, Chiayi County
3	鹿草鄉	Lucao Township, Chiayi County
0	基隆市	Keelung City
3	七堵區	Qidu Dist., Keelung City
3	中山區	Zhongshan Dist., Keelung City
4	正區	Zhongzheng Dist., Keelung City
3	仁愛區	Ren’ai Dist., Keelung City
3	信義區	Xinyi Dist., Keelung City
3	安樂區	Anle Dist., Keelung City
3	暖暖區	Nuannuan Dist., Keelung City
0	宜蘭縣	Yilan County
3	三星鄉	Sanxing Township, Yilan County
3	五結鄉	Wujie Township, Yilan County
3	冬山鄉	Dongshan Township, Yilan County
3	南澳鄉	Nan’ao Township, Yilan County
3	員山鄉	Yuanshan Township, Yilan County
3	壯圍鄉	Zhuangwei Township, Yilan County
3	大同鄉	Datong Township, Yilan County
3	宜蘭市	Yilan City, Yilan County
3	礁溪鄉	Jiaoxi Township, Yilan County
3	羅東鎮	Luodong Township, Yilan County
3	蘇澳鎮	Su’ao Township, Yilan County
3	頭城鎮	Toucheng Township, Yilan County
0	屏東縣	Pingtung County
3	三地門鄉	Sandimen Township, Pingtung County
3	九如鄉	Jiuru Township, Pingtung County
3	佳冬鄉	Jiadong Township, Pingtung County
3	來義鄉	Laiyi Township, Pingtung County
3	內埔鄉	Neipu Township, Pingtung County
3	南州鄉	Nanzhou Township, Pingtung County
3	屏東市	Pingtung City, Pingtung County
3	崁頂鄉	Kanding Township, Pingtung County
3	恆春鎮	Hengchun Township, Pingtung County
3	新園鄉	Xinyuan Township, Pingtung County
4	埤鄉	Xinpi Township, Pingtung County
3	春日鄉	Chunri Township, Pingtung County
3	東港鎮	Donggang Township, Pingtung County
3	枋寮鄉	Fangliao Township, Pingtung County
4	山鄉	Fangshan Township, Pingtung County
3	林邊鄉	Linbian Township, Pingtung County
3	泰武鄉	Taiwu Township, Pingtung County
3	滿州鄉	Manzhou Township, Pingtung County
3	潮州鎮	Chaozhou Township, Pingtung County
3	牡丹鄉	Mudan Township, Pingtung County
3	獅子鄉	Shizi Township, Pingtung County
3	琉球鄉	Liuqiu Township, Pingtung County
3	瑪家鄉	Majia Township, Pingtung County
3	竹田鄉	Zhutian Township, Pingtung County
3	萬丹鄉	Wandan Township, Pingtung County
4	巒鄉	Wanluan Township, Pingtung County
3	車城鄉	Checheng Township, Pingtung County
3	里港鄉	Ligang Township, Pingtung County
3	長治鄉	Changzhi Township, Pingtung County
3	霧臺鄉	Wutai Township, Pingtung County
3	高樹鄉	Gaoshu Township, Pingtung County
3	鹽埔鄉	Yanpu Township, Pingtung County
3	麟洛鄉	Linluo Township, Pingtung County
0	彰化縣	Changhua County
3	二林鎮	Erlin Township, Changhua County
4	水鄉	Ershui Township, Changhua County
3	伸港鄉	Shengang Township, Changhua County
3	北斗鎮	Beidou Township, Changhua County
3	和美鎮	Hemei Township, Changhua County
3	員林市	Yuanlin City, Changhua County
3	埔心鄉	Puxin Township, Changhua County
4	鹽鄉	Puyan Township, Changhua County
3	埤頭鄉	Pitou Township, Changhua County
3	大城鄉	Dacheng Township, Changhua County
4	村鄉	Dacun Township, Changhua County
3	彰化市	Changhua City, Changhua County
3	永靖鄉	Yongjing Township, Changhua County
3	溪州鄉	Xizhou Township, Changhua County
4	湖鎮	Xihu Township, Changhua County
3	田中鎮	Tianzhong Township, Changhua County
4	尾鄉	Tianwei Township, Changhua County
3	社頭鄉	Shetou Township, Changhua County
3	福興鄉	Fuxing Township, Changhua County
3	秀水鄉	Xiushui Township, Changhua County
3	竹塘鄉	Zhutang Township, Changhua County
3	線西鄉	Xianxi Township, Changhua County
3	芬園鄉	Fenyuan Township, Changhua County
3	花壇鄉	Huatan Township, Changhua County
3	芳苑鄉	Fangyuan Township, Changhua County
3	鹿港鎮	Lukang Township, Changhua County
0	新北市	New Taipei City
3	三峽區	Sanxia Dist., New Taipei City
4	芝區	Sanzhi Dist., New Taipei City
4	重區	Sanchong Dist., New Taipei City
3	中和區	Zhonghe Dist., New Taipei City
3	五股區	Wugu Dist., New Taipei City
3	八里區	Bali Dist., New Taipei City
3	土城區	Tucheng Dist., New Taipei City
3	坪林區	Pinglin Dist., New Taipei City
3	平溪區	Pingxi Dist., New Taipei City
3	新店區	Xindian Dist., New Taipei City
4	莊區	Xinzhuang Dist., New Taipei City
3	板橋區	Banqiao Dist., New Taipei City
3	林口區	Linkou Dist., New Taipei City
3	樹林區	Shulin Dist., New Taipei City
3	永和區	Yonghe Dist., New Taipei City
3	汐止區	Xizhi Dist., New Taipei City
3	泰山區	Taishan Dist., New Taipei City
3	淡水區	Tamsui Dist., New Taipei City
3	深坑區	Shenkeng Dist., New Taipei City
3	烏來區	Wulai Dist., New Taipei City
3	瑞芳區	Ruifang Dist., New Taipei City
3	石碇區	Shiding Dist., New Taipei City
4	門區	Shimen Dist., New Taipei City
3	萬里區	Wanli Dist., New Taipei City
3	蘆洲區	Luzhou Dist., New Taipei City
3	貢寮區	Gongliao Dist., New Taipei City
3	金山區	Jinshan Dist., New Taipei City
3	雙溪區	Shuangxi Dist., New Taipei City
3	鶯歌區	Yingge Dist., New Taipei City
1	竹市	Hsinchu City
3	北區	North Dist., Hsinchu City
3	東區	East Dist., Hsinchu City
3	香山區	Xiangshan Dist., Hsinchu City
2	縣	Hsinchu County
3	五峰鄉	Wufeng Township, Hsinchu County
3	北埔鄉	Beipu Township, Hsinchu County
3	寶山鄉	Baoshan Township, Hsinchu County
3	尖石鄉	Jianshi Township, Hsinchu County
3	峨眉鄉	Emei Township, Hsinchu County
3	新埔鎮	Xinpu Township, Hsinchu County
4	豐鄉	Xinfeng Township, Hsinchu County
3	橫山鄉	Hengshan Township, Hsinchu County
3	湖口鄉	Hukou Township, Hsinchu County
3	竹北市	Zhubei City, Hsinchu County
4	東鎮	Zhudong Township, Hsinchu County
3	芎林鄉	Qionglin Township, Hsinchu County
3	關西鎮	Guanxi Township, Hsinchu County
0	桃園市	Taoyuan City
3	中壢區	Zhongli Dist., Taoyuan City
3	八德區	Bade Dist., Taoyuan City
3	大園區	Dayuan Dist., Taoyuan City
4	溪區	Daxi Dist., Taoyuan City
3	平鎮區	Pingzhen Dist., Taoyuan City
3	復興區	Fuxing Dist., Taoyuan City
3	新屋區	Xinwu Dist., Taoyuan City
3	桃園區	Taoyuan Dist., Taoyuan City
3	楊梅區	Yangmei Dist., Taoyuan City
3	蘆竹區	Luzhu Dist., Taoyuan City
3	觀音區	Guanyin Dist., Taoyuan City
3	龍潭區	Longtan Dist., Taoyuan City
3	龜山區	Guishan Dist., Taoyuan City
0	澎湖縣	Penghu County
3	七美鄉	Qimei Township, Penghu County
3	望安鄉	Wang’an Township, Penghu County
3	湖西鄉	Huxi Township, Penghu County
3	白沙鄉	Baisha Township, Penghu County
3	西嶼鄉	Xiyu Township, Penghu County
3	馬公市	Magong City, Penghu County
0	臺中市	Taichung City
3	中區	Central Dist., Taichung City
3	北區	North Dist., Taichung City
4	屯區	Beitun Dist., Taichung City
3	南區	South Dist., Taichung City
4	屯區	Nantun Dist., Taichung City
3	后里區	Houli Dist., Taichung City
3	和平區	Heping Dist., Taichung City
3	外埔區	Waipu Dist., Taichung City
3	大安區	Da’an Dist., Taichung City
4	甲區	Dajia Dist., Taichung City
4	肚區	Dadu Dist., Taichung City
4	里區	Dali Dist., Taichung City
4	雅區	Daya Dist., Taichung City
3	太平區	Taiping Dist., Taichung City
3	新社區	Xinshe Dist., Taichung City
3	東勢區	Dongshi Dist., Taichung City
4	區	East Dist., Taichung City
3	梧棲區	Wuqi Dist., Taichung City
3	沙鹿區	Shalu Dist., Taichung City
3	清水區	Qingshui Dist., Taichung City
3	潭子區	Tanzi Dist., Taichung City
3	烏日區	Wuri Dist., Taichung City
3	石岡區	Shigang Dist., Taichung City
3	神岡區	Shengang Dist., Taichung City
3	西區	West Dist., Taichung City
4	屯區	Xitun Dist., Taichung City
3	豐原區	Fengyuan Dist., Taichung City
3	霧峰區	Wufeng Dist., Taichung City
3	龍井區	Longjing Dist., Taichung City
1	北市	Taipei City
3	中山區	Zhongshan Dist., Taipei City
4	正區	Zhongzheng Dist., Taipei City
3	信義區	Xinyi Dist., Taipei City
3	內湖區	Neihu Dist., Taipei City
3	北投區	Beitou Dist., Taipei City
3	南港區	Nangang Dist., Taipei City
3	士林區	Shilin Dist., Taipei City
3	大同區	Datong Dist., Taipei City
4	安區	Da’an Dist., Taipei City
3	文山區	Wenshan Dist., Taipei City
3	松山區	Songshan Dist., Taipei City
3	萬華區	Wanhua Dist., Taipei City
1	南市	Tainan City
3	七股區	Qigu Dist., Tainan City
3	下營區	Xiaying Dist., Tainan City
3	中西區	West Central Dist., Tainan City
3	仁德區	Rende Dist., Tainan City
3	佳里區	Jiali Dist., Tainan City
3	六甲區	Liujia Dist., Tainan City
3	北區	North Dist., Tainan City
4	門區	Beimen Dist., Tainan City
3	南化區	Nanhua Dist., Tainan City
4	區	South Dist., Tainan City
3	善化區	Shanhua Dist., Tainan City
3	大內區	Danei Dist., Tainan City
3	學甲區	Xuejia Dist., Tainan City
3	安南區	Annan Dist., Tainan City
4	定區	Anding Dist., Tainan City
4	平區	Anping Dist., Tainan City
3	官田區	Guantian Dist., Tainan City
3	將軍區	Jiangjun Dist., Tainan City
3	山上區	Shanshang Dist., Tainan City
3	左鎮區	Zuozhen Dist., Tainan City
3	後壁區	Houbi Dist., Tainan City
3	新化區	Xinhua Dist., Tainan City
4	市區	Xinshi Dist., Tainan City
4	營區	Xinying Dist., Tainan City
3	東區	East Dist., Tainan City
4	山區	Dongshan Dist., Tainan City
3	柳營區	Liuying Dist., Tainan City
3	楠西區	Nanxi Dist., Tainan City
3	歸仁區	Guiren Dist., Tainan City
3	永康區	Yongkang Dist., Tainan City
3	玉井區	Yujing Dist., Tainan City
3	白河區	Baihe Dist., Tainan City
3	西港區	Xigang Dist., Tainan City
3	關廟區	Guanmiao Dist., Tainan City
3	鹽水區	Yanshui Dist., Tainan City
3	麻豆區	Madou Dist., Tainan City
3	龍崎區	Longqi Dist., Tainan City
1	東縣	Taitung County
3	卑南鄉	Beinan Township, Taitung County
3	大武鄉	Dawu Township, Taitung County
3	太麻里鄉	Taimali Township, Taitung County
3	延平鄉	Yanping Township, Taitung County
3	成功鎮	Chenggong Township, Taitung County
3	東河鄉	Donghe Township, Taitung County
3	池上鄉	Chishang Township, Taitung County
3	海端鄉	Haiduan Township, Taitung County
3	綠島鄉	Ludao Township, Taitung County
3	臺東市	Taitung City, Taitung County
3	蘭嶼鄉	Lanyu Township, Taitung County
3	達仁鄉	Daren Township, Taitung County
3	金峰鄉	Jinfeng Township, Taitung County
3	長濱鄉	Changbin Township, Taitung County
3	關山鎮	Guanshan Township, Taitung County
3	鹿野鄉	Luye Township, Taitung County
0	花蓮縣	Hualien County
3	光復鄉	Guangfu Township, Hualien County
3	卓溪鄉	Zhuoxi Township, Hualien County
3	吉安鄉	Ji’an Township, Hualien County
3	壽豐鄉	Shoufeng Township, Hualien County
3	富里鄉	Fuli Township, Hualien County
3	新城鄉	Xincheng Township, Hualien County
3	玉里鎮	Yuli Township, Hualien County
3	瑞穗鄉	Ruisui Township, Hualien County
3	秀林鄉	Xiulin Township, Hualien County
3	花蓮市	Hualien City, Hualien County
3	萬榮鄉	Wanrong Township, Hualien County
3	豐濱鄉	Fengbin Township, Hualien County
3	鳳林鎮	Fenglin Township, Hualien County
0	苗栗縣	Miaoli County
3	三灣鄉	Sanwan Township, Miaoli County
4	義鄉	Sanyi Township, Miaoli County
3	公館鄉	Gongguan Township, Miaoli County
3	卓蘭鎮	Zhuolan Township, Miaoli County
3	南庄鄉	Nanzhuang Township, Miaoli County
3	大湖鄉	Dahu Township, Miaoli County
3	後龍鎮	Houlong Township, Miaoli County
3	泰安鄉	Tai’an Township, Miaoli County
3	獅潭鄉	Shitan Township, Miaoli County
3	竹南鎮	Zhunan Township, Miaoli County
3	苑裡鎮	Yuanli Township, Miaoli County
3	苗栗市	Miaoli City, Miaoli County
3	西湖鄉	Xihu Township, Miaoli County
3	通霄鎮	Tongxiao Township, Miaoli County
3	造橋鄉	Zaoqiao Township, Miaoli County
3	銅鑼鄉	Tongluo Township, Miaoli County
3	頭份市	Toufen City, Miaoli County
4	屋鄉	Touwu Township, Miaoli County
0	連江縣	Lienchiang County
3	北竿鄉	Beigan Township, Lienchiang County
3	南竿鄉	Nangan Township, Lienchiang County
3	東引鄉	Dongyin Township, Lienchiang County
3	莒光鄉	Juguang Township, Lienchiang County
0	金門縣	Kinmen County
3	烈嶼鄉	Lieyu Township, Kinmen County
3	烏坵鄉	Wuqiu Township, Kinmen County
3	金城鎮	Jincheng Township, Kinmen County
4	寧鄉	Jinning Township, Kinmen County
4	沙鎮	Jinsha Township, Kinmen County
4	湖鎮	Jinhu Township, Kinmen County
0	釣魚臺	Diaoyutai
0	雲林縣	Yunlin County
3	二崙鄉	Erlun Township, Yunlin County
3	元長鄉	Yuanzhang Township, Yunlin County
3	北港鎮	Beigang Township, Yunlin County
3	口湖鄉	Kouhu Township, Yunlin County
3	古坑鄉	Gukeng Township, Yunlin County
3	四湖鄉	Sihu Township, Yunlin County
3	土庫鎮	Tuku Township, Yunlin County
3	大埤鄉	Dapi Township, Yunlin County
3	崙背鄉	Lunbei Township, Yunlin County
3	斗六市	Douliu City, Yunlin County
4	南鎮	Dounan Township, Yunlin County
3	東勢鄉	Dongshi Township, Yunlin County
3	林內鄉	Linnei Township, Yunlin County
3	水林鄉	Shuilin Township, Yunlin County
3	臺西鄉	Taixi Township, Yunlin County
3	莿桐鄉	Citong Township, Yunlin County
3	虎尾鎮	Huwei Township, Yunlin County
3	褒忠鄉	Baozhong Township, Yunlin County
3	西螺鎮	Xiluo Township, Yunlin County
3	麥寮鄉	Mailiao Township, Yunlin County
0	高雄市	Kaohsiung City
3	三民區	Sanmin Dist., Kaohsiung City
3	仁武區	Renwu Dist., Kaohsiung City
3	內門區	Neimen Dist., Kaohsiung City
3	六龜區	Liugui Dist., Kaohsiung City
3	前金區	Qianjin Dist., Kaohsiung City
4	鎮區	Qianzhen Dist., Kaohsiung City
3	南沙群島	Nansha Islands, Nanhai Islands
3	大寮區	Daliao Dist., Kaohsiung City
4	樹區	Dashu Dist., Kaohsiung City
4	社區	Dashe Dist., Kaohsiung City
3	小港區	Xiaogang Dist., Kaohsiung City
3	岡山區	Gangshan Dist., Kaohsiung City
3	左營區	Zuoying Dist., Kaohsiung City
3	彌陀區	Mituo Dist., Kaohsiung City
3	新興區	Xinxing Dist., Kaohsiung City
3	旗山區	Qishan Dist., Kaohsiung City
4	津區	Qijin Dist., Kaohsiung City
3	杉林區	Shanlin Dist., Kaohsiung City
3	東沙群島	Dongsha Islands, Nanhai Islands
3	林園區	Linyuan Dist., Kaohsiung City
3	桃源區	Taoyuan Dist., Kaohsiung City
3	梓官區	Ziguan Dist., Kaohsiung City
3	楠梓區	Nanzi Dist., Kaohsiung City
3	橋頭區	Qiaotou Dist., Kaohsiung City
3	永安區	Yong’an Dist., Kaohsiung City
3	湖內區	Hunei Dist., Kaohsiung City
3	燕巢區	Yanchao Dist., Kaohsiung City
3	田寮區	Tianliao Dist., Kaohsiung City
3	甲仙區	Jiaxian Dist., Kaohsiung City
3	美濃區	Meinong Dist., Kaohsiung City
3	苓雅區	Lingya Dist., Kaohsiung City
3	茂林區	Maolin Dist., Kaohsiung City
3	茄萣區	Qieding Dist., Kaohsiung City
3	路竹區	Luzhu Dist., Kaohsiung City
3	那瑪夏區	Namaxia Dist., Kaohsiung City
3	阿蓮區	Alian Dist., Kaohsiung City
3	鳥松區	Niaosong Dist., Kaohsiung City
3	鳳山區	Fengshan Dist., Kaohsiung City
3	鹽埕區	Yancheng Dist., Kaohsiung City
3	鼓山區	Gushan Dist., Kaohsiung City