0	七股郵局	724996QiguTainan City
0	三峽中山郵局	237934Sanxia ZhongshanNew Taipei City
2	郵局	237932SanxiaNew Taipei City
1	星郵局	266935SanxingYilan County
1	灣郵局	352931SanwanMiaoli County
1	義郵局	367919SanyiMiaoli County
1	芝郵局	252933SanzhiNew Taipei City
1	重中山路郵局	241900Sanchong Zhongshan RoadNew Taipei City
3	興橋郵局	241905Sanchong Zhongxing BridgeNew Taipei City
2	二重埔郵局	241903Sanchong ErchongpuNew Taipei City
2	五常郵局	241910Sanchong WuchangNew Taipei City
2	介壽路郵局	241907Sanchong Jieshou RoadNew Taipei City
2	忠孝路郵局	241902Sanchong Zhongxiao RoadNew Taipei City
2	正義郵局	241901Sanchong ZhengyiNew Taipei City
2	溪尾街郵局	241904Sanchong Xiwei StreetNew Taipei City
0	下營中營郵局	735984Xiaying ZhongyingTainan City
2	郵局	735976XiayingTainan City
0	世新大學郵局	116976Shih Hsin UniversityTaipei City
0	中原大學郵局	320956Chung Yuan Christian UniversityTaoyuan City
1	和中山路郵局	235973Zhonghe Zhongshan RoadNew Taipei City
3	正路郵局	235976Zhonghe Zhongzheng RoadNew Taipei City
2	南勢角郵局	235974Zhonghe NanshijiaoNew Taipei City
2	國光街郵局	235980Zhonghe Guoguang StreetNew Taipei City
2	大華郵局	235981Zhonghe DahuaNew Taipei City
2	宜安郵局	235979Zhonghe Yi-anNew Taipei City
2	民富街郵局	235978Zhonghe Minfu StreetNew Taipei City
2	泰和街郵局	235972Zhonghe Taihe StreetNew Taipei City
2	秀山郵局	235977Zhonghe XiushanNew Taipei City
2	興南郵局	235992Zhonghe XingnanNew Taipei City
2	連城路郵局	235975Zhonghe Liancheng RoadNew Taipei City
2	郵局	235971ZhongheNew Taipei City
1	埔後庄郵局	606923Zhongpu HouzhuangChiayi County
2	郵局	606921ZhongpuChiayi County
1	壢仁美郵局	320962Zhongli RenmeiTaoyuan City
2	內壢郵局	320946Zhongli NeiliTaoyuan City
2	南園郵局	320963Zhongli NanyuanTaoyuan City
2	大崙郵局	320972Zhongli DalunTaoyuan City
2	志廣郵局	320965Zhongli ZhiguangTaoyuan City
2	忠義郵局	320955Zhongli ZhongyiTaoyuan City
2	普仁郵局	320945Zhongli PurenTaoyuan City
2	東興郵局	320960Zhongli DongxingTaoyuan City
2	環北郵局	320970Zhongli HuanbeiTaoyuan City
2	自立郵局	320951Zhongli ZiliTaoyuan City
2	興國郵局	320957Zhongli XingguoTaoyuan City
2	華勛郵局	320959Zhongli HuasyunTaoyuan City
2	郵局	320944ZhongliTaoyuan City
2	頂壢郵局	320964Zhongli DingliTaoyuan City
2	龍岡郵局	320948Zhongli LonggangTaoyuan City
1	央大學郵局	320953National Central UniversityTaoyuan City
1	寮郵局	541901ZhongliaoNantou County
1	山大學郵局	804959National Sun Yat-sen UniversityKaohsiung City
1	正大學郵局	621934Chung Cheng UniversityChiayi County
1	研院郵局	115962Academia SinicaTaipei City
0	九如郵局	904931JiuruPingtung County
0	二崙郵局	649920ErlunYunlin County
1	林郵局	526938ErlinChanghua County
1	水郵局	530957ErshuiChanghua County
0	五結二結郵局	268926Wujie ErjieYilan County
2	利澤郵局	268932Wujie LizeYilan County
2	郵局	268930WujieYilan County
1	股中興路郵局	248923Wugu Zhongxing RoadNew Taipei City
2	登林路郵局	248946Wugu Denglin RoadNew Taipei City
2	褒仔寮郵局	248922Wugu BaozailiaoNew Taipei City
2	郵局	248921WuguNew Taipei City
0	仁德二空郵局	717924Rende ErkongTainan City
2	太子郵局	717916Rende TaiziTainan City
2	車路墘郵局	717906Rende CheluqianTainan City
2	郵局	717927RendeTainan City
1	愛霧社郵局	546929Ren-ai WusheNantou County
1	武臺塑郵局	814912Renwu TaisuKaohsiung City
2	郵局	814952RenwuKaohsiung City
0	伸港全興郵局	509922Shengang QuanxingChanghua County
2	郵局	509918ShengangChanghua County
0	佳冬郵局	931962JiadongPingtung County
1	里郵局	722993JialiTainan City
0	信義和社郵局	556916Xinyi HansheNantou County
2	郵局	556915XinyiNantou County
0	元長郵局	655939YuanchangYunlin County
0	光復郵局	976925GuangfuHualien County
0	內埔學府郵局	912937Neipu XuefuPingtung County
2	豐田郵局	912935Neipu FengtianPingtung County
2	郵局	912933NeipuPingtung County
2	龍泉郵局	912934Neipu LongquanPingtung County
1	湖北勢湖郵局	114957Neihu BeishihuTaipei City
2	康寧郵局	114959Neihu KangningTaipei City
2	文德郵局	114951Neihu WendeTaipei City
2	東湖郵局	114954Neihu DonghuTaipei City
2	江南郵局	114956Neihu JiangnanTaipei City
2	碧湖郵局	114949Neihu BihuTaipei City
2	舊宗郵局	114958Neihu JiuzongTaipei City
2	西湖郵局	114953Neihu XihuTaipei City
2	週美郵局	114950Neihu ZhoumeiTaipei City
2	郵局	114948NeihuTaipei City
0	八德大湳郵局	334902Bade DananTaoyuan City
2	麻園郵局	334924Bade MayuanTaoyuan City
1	里郵局	249925BaliNew Taipei City
2	龍形郵局	249926Bali LongxingNew Taipei City
0	公館郵局	363909GongguanMiaoli County
0	六甲郵局	734977LiujiaTainan City
1	腳蒜頭郵局	615939Liujiao SuantouChiayi County
1	龜郵局	844936LiuguiKaohsiung City
0	冬山群英郵局	269931Dongshan QyunyingYilan County
2	郵局	269927DongshanYilan County
0	前鎮科技園區郵局	806926Qianzhen Technology Industrial ParkKaohsiung City
2	郵局	806918QianzhenKaohsiung City
0	北埔郵局	314957BeipuHsinchu County
1	大特區郵局	238936Beida Special DistrictNew Taipei City
1	投奇岩郵局	112944Beitou QiyanTaipei City
2	實踐郵局	112939Beitou ShijianTaipei City
2	尊賢郵局	112943Beitou ZunxianTaipei City
2	山腳郵局	112938Beitou ShanjiaoTaipei City
2	文化郵局	112941Beitou WenhuaTaipei City
3	林郵局	112937Beitou WenlinTaipei City
2	明德郵局	112942Beitou MingdeTaipei City
2	石牌郵局	112933Beitou ShipaiTaipei City
2	舊北投郵局	112935Beitou Former-BeitouTaipei City
2	豐年郵局	112945Beitou FengnianTaipei City
2	郵局	112931BeitouTaipei City
2	關渡郵局	112934Beitou GuanduTaipei City
1	斗郵局	521933BeidouChanghua County
1	港北辰郵局	651934Beigang BeichenYunlin County
2	郵局	651932BeigangYunlin County
1	門郵局	727999BeimenTainan City
0	卑南初鹿郵局	954912Beinan ChuluTaitung County
0	卓蘭郵局	369937ZhuolanMiaoli County
0	南化郵局	716992NanhuaTainan City
1	州郵局	926956NanzhouPingtung County
1	庄郵局	353934NanzhuangMiaoli County
1	投三和郵局	540900Nantou SanheNantou County
2	中興郵局	540907ZhongsingNantou County
2	南崗郵局	540903NangangNantou County
2	民族路郵局	540905Nantou Minzu RoadNantou County
1	港同德郵局	115966Nangang TongdeTaipei City
2	富康郵局	115965Nangang FukangTaipei City
2	昆陽郵局	115961Nangang KunyangTaipei City
2	港三郵局	115964Nangang GangsanTaipei City
2	福德郵局	115968Nangang FudeTaipei City
2	軟體園區郵局	115991Nangang Software ParkTaipei City
2	郵局	115967NangangTaipei City
1	澳郵局	272924Nan-aoYilan County
0	口湖郵局	653936KouhuYunlin County
0	古坑郵局	646908GukengYunlin County
0	吉安仁里郵局	973910Ji-an RenliHualien County
2	太昌郵局	973921Ji-an TaichangHualien County
2	宜昌郵局	973918Ji-an YichangHualien County
2	郵局	973908Ji-anHualien County
0	名間新街郵局	551919Mingjian SinjieNantou County
2	松嶺郵局	551918Mingjian Song RidgeNantou County
2	郵局	551917MingjianNantou County
0	后里月眉郵局	421989Houli YuemeiTaichung City
2	義里郵局	421988Houli YiliTaichung City
2	郵局	421986HouliTaichung City
0	和平梨山郵局	424994Heping LishanTaichung City
1	美郵局	508901HemeiChanghua County
0	員山內城郵局	264904Yuanshan NeichengYilan County
1	林中正路郵局	510954Yuanlin Zhongzheng RoadChanghua County
2	西門郵局	510950Yuanlin XimenChanghua County
2	郵局	510945YuanlinChanghua County
0	善化中山路郵局	741914Shanhua Zhongshan RoadTainan City
2	郵局	741904ShanhuaTainan City
0	嘉義中山路郵局	600901Chiayi Zhongshan RoadChiayi City
2	保安郵局	600953Chiayi Bao-anChiayi City
2	文化路郵局	600900Chiayi Wenhua RoadChiayi City
2	玉山郵局	600910Chiayi YushanChiayi City
2	福全郵局	600912Chiayi FuquanChiayi City
2	興嘉郵局	600930Chiayi XingjiaChiayi City
0	四湖郵局	654938SihuYunlin County
0	國史館郵局	100914Academia HistoricaTaipei City
1	姓郵局	544940GuoxingNantou County
2	長流郵局	544942Guoxing ChangliuNantou County
0	土城學府郵局	236929Tucheng SyuefuNew Taipei City
2	工業區郵局	236910Tucheng Industrial ParkNew Taipei City
2	平和郵局	236928Tucheng PingheNew Taipei City
2	清水郵局	236913Tucheng QingshueiNew Taipei City
2	貨饒郵局	236920Tucheng HuoraoNew Taipei City
2	郵局	236902TuchengNew Taipei City
1	庫郵局	633923TukuYunlin County
2	馬光郵局	633924Tuku MaguangYunlin County
0	埔心郵局	513947PuxinChanghua County
1	里郵局	545928PuliNantou County
1	鹽郵局	516925PuyanChanghua County
0	埤頭郵局	523934PitouChanghua County
0	基隆七堵郵局	206903Keelung QiduKeelung City
2	中山郵局	203910Keelung ZhongshanKeelung City
3	正郵局	202904Keelung ZhongzhengKeelung City
2	信義郵局	201912Keelung XinyiKeelung City
2	光2路郵局	200917Keelung Guang 2nd RoadKeelung City
2	南榮路郵局	200919Keelung Nanrong RoadKeelung City
2	和平島郵局	202906Keelung HepingdaoKeelung City
2	大武崙郵局	204926Keelung DawulunKeelung City
2	孝3路郵局	200909Keelung Xiao 3rd RoadKeelung City
2	安樂路郵局	204921Keelung Anle RoadKeelung City
3	瀾橋郵局	202915Keelung Anlan BridgeKeelung City
2	復興路郵局	203922Keelung Fuxing RoadKeelung City
2	愛3路郵局	200900Keelung Ai 3rd RoadKeelung City
2	新豐街郵局	202938Keelung Xinfeng StreetKeelung City
2	暖暖郵局	205931Keelung NuannuanKeelung City
2	東信路郵局	201913Keelung Dongxin RoadKeelung City
2	樂利郵局	204918Keelung LeliKeelung City
2	港東郵局	202901Keelung GangdongKeelung City
3	西街郵局	200902Keelung Gangxi StreetKeelung City
2	百福郵局	206924Keelung BaifuKeelung City
2	碇內郵局	205920Keelung DingneiKeelung City
2	過港路郵局	205908Keelung Guogang RoadKeelung City
0	士林中正路郵局	111973Shilin Zhongzheng Rd.Taipei City
2	劍潭郵局	111923Shilin JiantanTaipei City
2	名山里郵局	111929Shilin MingshanliTaipei City
2	外雙溪郵局	111916Shilin WaishuangxiTaipei City
2	天母郵局	111952Shilin TianmuTaipei City
2	後港郵局	111977Shilin HougangTaipei City
2	社子郵局	111942Shilin SheziTaipei City
3	新里郵局	111926Shilin ShexinliTaipei City
2	芝山郵局	111905Shilin ZhishanTaipei City
2	蘭雅郵局	111983Shilin LanyaTaipei City
2	郵局	111928ShilinTaipei City
0	壽豐志學郵局	974917Shoufeng ZhixueHualien County
2	東華大學郵局	974939Shoufeng National DongHua UniversityHualien County
2	豐田郵局	974916Shoufeng FengtianHualien County
2	郵局	974915ShoufengHualien County
0	外埔郵局	438907WaipuTaichung City
0	大內郵局	742905DaneiTainan City
1	園埔心街郵局	337932Dayuan Puxin StreetTaoyuan City
2	菓林郵局	337933Dayuan GuolinTaoyuan City
2	郵局	337931DayuanTaoyuan City
1	城郵局	527939DachengChanghua County
1	埤郵局	631912DapiYunlin County
1	安郵局	439905Da-anTaichung City
1	寮中庄郵局	831907Daliao ZhongzhuangKaohsiung City
2	大發郵局	831916Daliao DafaKaohsiung City
2	郵局	831903DaliaoKaohsiung City
1	村郵局	515946DacunChanghua County
1	林郵局	622951DalinChiayi County
1	樹九曲堂郵局	840914Dashu JiuqutangKaohsiung City
2	郵局	840915DashuKaohsiung City
1	武郵局	965924DawuTaitung County
1	湖郵局	364916DahuMiaoli County
1	溪郵局	335937DaxiTaoyuan City
1	甲幼獅郵局	437909Dajia YoushiTaichung City
2	日南郵局	437908Dajia RihnanTaichung City
2	郵局	437904DajiaTaichung City
1	社郵局	815934DasheKaohsiung City
1	肚追分郵局	432925Dadu ZhuifenTaichung City
2	郵局	432924DaduTaichung City
1	里仁化郵局	412911Dali RenhuaTaichung City
2	永隆郵局	412957Dali YonglongTaichung City
2	郵局	412921DaliTaichung City
1	雅清泉崗郵局	428909Daya QingquangangTaichung City
2	郵局	428922DayaTaichung City
0	太保嘉太郵局	612931Taibao JiataiChiayi County
2	郵局	612906TaibaoChiayi County
1	平宜欣郵局	411943Taiping YixinTaichung City
2	竹仔坑郵局	411914Taiping ZhuzaikengTaichung City
2	郵局	411934TaipingTaichung City
1	麻里郵局	963913TaimaliTaitung County
0	學甲郵局	726900XuejiaTainan City
0	安定郵局	745909AndingTainan City
0	官田工業區郵局	720912Guantian Industrial ParkTainan City
2	隆田郵局	720911Guantian LongtianTainan City
0	宜蘭中山路郵局	260900Yilan Zhongshan RoadYilan County
2	大學郵局	260910Yilan UniversityYilan County
2	東港路郵局	260908Yilan Donggang RoadYilan County
2	金六結郵局	260901Yilan JinliujieYilan County
0	富里東里郵局	983937Fuli DongliHualien County
2	郵局	983936FuliHualien County
0	寶山大崎郵局	300932Baoshan DaqiHsinchu County
2	郵局	308913BaoshanHsinchu County
0	將軍郵局	725994JiangjunTainan City
0	小港機場郵局	812937Xiaogang AirportKaohsiung City
2	郵局	812929XiaogangKaohsiung City
0	尖石郵局	313953JianshiHsinchu County
0	屏東中正路郵局	900918Pingtung zhongzheng RoadPingtung County
2	公館郵局	900917Pingtung GongguanPingtung County
2	勝利路郵局	900920Pingtung Shengli RoadPingtung County
2	北平路郵局	900904Pingtung Beiping RoadPingtung County
2	廣東路郵局	900919Pingtung Guangdong RoadPingtung County
2	林森路郵局	900902Pingtung Linsen RoadPingtung County
2	歸來郵局	900909Pingtung GuilaiPingtung County
2	民生路郵局	900900Pingtung Minsheng RoadPingtung County
2	頭前溪郵局	900924Pingtung TouqianxiPingtung County
0	山上郵局	743986ShanshangTainan City
0	岡山仁壽路郵局	820953Gangshan Renshou RoadKaohsiung City
2	郵局	820939GangshanKaohsiung City
0	峨眉郵局	315958EmeiHsinchu County
0	崁頂郵局	924957KandingPingtung County
0	崙背郵局	637925LunbeiYunlin County
0	左營南站郵局	813913Zuoying NanzhanKaohsiung City
2	新莊仔郵局	813955Zuoying XinzhuangzaiKaohsiung City
2	果貿郵局	813914Zuoying GuomaoKaohsiung City
2	榮總郵局	813974Zuoying Veterans General HospitalKaohsiung City
2	菜公郵局	813988Zuoyin CaigongKaohsiung City
2	郵局	813907ZuoyingKaohsiung City
1	鎮郵局	713987ZuozhenTainan City
0	布袋大寮郵局	625944Budai DaliaoChiayi County
2	郵局	625942BudaiChiayi County
0	平鎮北勢郵局	324961Pingzhen BeisliTaoyuan City
2	南勢郵局	324973Pingzhen NanshiTaoyuan City
2	山仔頂郵局	324958Pingzhen ShanzidingTaoyuan City
2	廣明郵局	324950Pingzhen GuangmingTaoyuan City
2	郵局	324952PingzhenTaoyuan City
2	金陵郵局	324966Pingzhen JinlingTaoyuan City
2	高雙郵局	324971Pingzhen GaoshuangTaoyuan City
0	彌陀郵局	827944MituoKaohsiung City
0	彰化中央路郵局	500900Changhua Zhongyang RoadChanghua County
2	光復路郵局	500923Changhua Guangfu RoadChanghua County
2	師大郵局	500914National Changhua University of EducationChanghua County
0	後壁菁寮郵局	731971Houbi JingliaoTainan City
2	郵局	731970HoubiTainan City
1	龍郵局	356913HoulongMiaoli County
0	恆春南門郵局	946946Hengchun NanmenPingtung County
2	郵局	946943HengchunPingtung County
0	成功大學郵局	701907National Cheng Kung University TainanTainan City
2	郵局	961921ChenggongTaitung County
0	政大郵局	116979National Chengchi UniversityTaipei City
0	文化大學郵局	111925Chinese Culture UniversityTaipei City
1	山指南郵局	116971Wenshan ZhinanTaipei City
2	景美郵局	116929Wenshan JingmeiTaipei City
2	木新郵局	116973Wenshan MuxinTaipei City
2	武功郵局	116993Wenshan WugongTaipei City
2	溝子口郵局	116972Wenshan GouzikouTaipei City
2	興隆路郵局	116975Wenshan Xinglong Rd.Taipei City
2	萬盛郵局	116997Wenshan WanshengTaipei City
3	美街郵局	116983Wenshan Wanmei St.Taipei City
3	芳郵局	116911Wenshan WanfangTaipei City
0	斗六大崙郵局	640902Douliu DalunYunlin County
2	石榴郵局	640903Douliu ShiliuYunlin County
2	西平路郵局	640900Douliu Xiping Rd.Yunlin County
2	鎮北郵局	640904Douliou ZhenbeiYunlin County
1	南郵局	630911DounanYunlin County
0	新化中山路郵局	712988Xinhua Zhongshan RoadTainan City
2	郵局	712985XinhuaTainan City
1	北市政府郵局	220930NewTaipei City GovernmentNew Taipei City
1	園郵局	932965XinyuanPingtung County
1	城北埔郵局	971904Xincheng BeibuHualien County
2	郵局	971906XinchengHualien County
1	埔郵局	305927XinpuHsinchu County
1	埤郵局	925960XinpiPingtung County
1	屋永安郵局	327967Xinwu Yong-anTaoyuan City
2	郵局	327969XinwuTaoyuan City
1	市南科園區郵局	744913Xinshih Southern Taiwan Science ParkTainan City
2	大營郵局	744907Xinshi DayingTainan City
2	郵局	744910XinshiTainan City
1	店中央郵局	231950Xindian ZhongyangNew Taipei City
3	正郵局	231952Xindian ZhongzhengNew Taipei City
2	五城郵局	231944Xindian WuchengNew Taipei City
3	峰郵局	231961Xindian WufengNew Taipei City
2	公崙郵局	231947Xindian GonglunNew Taipei City
2	十四份郵局	231954Xindian ShisifenNew Taipei City
2	大坪林郵局	231945Xindian DapinglinNew Taipei City
2	寶橋郵局	231953Xindian BaoqiaoNew Taipei City
2	檳榔路郵局	231948Xindian Binlang RoadNew Taipei City
2	水尾郵局	231960Xindian ShuiweiNew Taipei City
2	永安郵局	231956Xindian Yong-anNew Taipei City
2	玫瑰城郵局	231963Xindian MeiguichengNew Taipei City
2	碧潭郵局	231958Xindian BitanNew Taipei City
2	郵局	231941XindianNew Taipei City
2	雙城郵局	231957Xindian ShuangchengNew Taipei City
2	頂城郵局	231942Xindian DingchengNew Taipei City
2	龜山郵局	231943Xindian GuishanNew Taipei City
1	港郵局	616937XingangChiayi County
1	營太子宮郵局	730973Xinying TaizigongTainan City
2	民治路郵局	730967Xinying Minzhi RoadTainan City
2	郵局	730965XinyingTainan City
1	社中興嶺郵局	426992Xinshe ZhongxinglingTaichung City
2	郵局	426995XinsheTaichung City
1	竹三姓橋郵局	300920Hsinchu SanxingqiaoHsinchu City
2	光華街郵局	300904Hsinchu Guanghua StreetHsinchu City
2	內湖路郵局	300905Hsinchu Neihu RoadHsinchu City
2	南寮郵局	300918NanliaoHsinchu City
2	建中郵局	300924Hsinchu JianzhongHsinchu City
2	文雅郵局	300914Hsinchu WenyaHsinchu City
2	東門郵局	300901Hsinchu DongmenHsinchu City
2	樹林頭郵局	300908Hsinchu ShulintouHsinchu City
2	武昌街郵局	300900Hsinchu Wuchang StreetHsinchu City
2	牛埔郵局	300911Hsinchu NiupuHsinchu City
2	科學園郵局	300919Hsinchu Science ParkHsinchu City
2	西門郵局	300910Hsinchu XimenHsinchu City
2	陽明交大郵局	300925Hsinchu National Yang Ming Chiao Tung UniversityHsinchu City
1	興郵局	800900XinxingKaohsiung City
1	莊中港郵局	242940Xinzhuang ZhonggangNew Taipei City
2	丹鳳郵局	242942Xinzhuang DanfengNew Taipei City
2	五工郵局	248953Xinzhuang WugongNew Taipei City
2	副都心郵局	242957Xinzhuang FuduxinNew Taipei City
2	化成路郵局	242943Xinzhuang Huacheng RoadNew Taipei City
2	幸福郵局	242944Xinzhuang XingfuNew Taipei City
2	後港路郵局	242949Xinzhuang Hougang RoadNew Taipei City
2	思源路郵局	242950Xinzhuang Siyuan RoadNew Taipei City
2	新泰路郵局	242951Xinzhuang Xintai RoadNew Taipei City
2	昌盛郵局	242941Xinzhuang ChangshengNew Taipei City
2	民安郵局	242955Xinzhuang MinanNew Taipei City
2	西盛郵局	242948Xinzhuang XishengNew Taipei City
2	郵局	242936XinzhuangNew Taipei City
2	龍鳳郵局	242952Xinzhuang LongfengNew Taipei City
1	豐山崎郵局	304943Xinfeng ShanqiHsinchu County
2	郵局	304940XinfengHsinchu County
0	旗山旗尾郵局	842926Qishan QiweiKaohsiung City
2	郵局	842925QishanKaohsiung City
1	津郵局	805903QijinKaohsiung City
0	明志科大郵局	243939Mingchi University of TechnologyNew Taipei City
0	木柵郵局	116970MuzhaTaipei City
0	朴子祥和郵局	613950Puzi XiangheChiayi County
2	郵局	613947PuziChiayi County
2	長庚醫院郵局	613940Puzi Chang-geng Menorial HospitalChiayi County
0	東勢厝郵局	635929DongshicuoYunlin County
2	郵局	423990DongshiTaichung City
1	吳大學郵局	111986Soochow UniversityTaipei City
1	山郵局	733979DongshanTainan City
1	河泰源郵局	959923Donghe TaiyuanTaitung County
2	都蘭郵局	959907Donghe DulanTaitung County
1	港中正路郵局	928963Donggang Zhongzheng RoadPingtung County
2	郵局	928964DonggangPingtung County
0	松山機場郵局	105945Songshan AirportTaipei City
0	板橋三民路郵局	220924Banqiao Sanmin RoadNew Taipei City
2	中正路郵局	220909Banqiao Zhongzheng RoadNew Taipei City
2	光復橋郵局	220917Banqiao Guangfu BridgeNew Taipei City
2	八甲郵局	220916Banqiao BajiaNew Taipei City
2	南雅郵局	220912Banqiao NanyaNew Taipei City
2	國慶郵局	220914Banqiao GuoqingNew Taipei City
2	埔墘郵局	220904Banqiao PuqianNew Taipei City
2	大觀路郵局	220901Banqiao Daguan RoadNew Taipei City
2	後埔郵局	220903Banqiao HoupuNew Taipei City
2	文化路郵局	220900Banqiao Wenhua RoadNew Taipei City
2	新海郵局	220915Banqiao XinhaiNew Taipei City
2	民族路郵局	220908Banqiao Minzu RoadNew Taipei City
2	江翠郵局	220921Banqiao JiangcuiNew Taipei City
2	海山郵局	220918Banqiao HaishanNew Taipei City
2	港尾郵局	220919Banqiao GangweiNew Taipei City
2	溪崑郵局	220931Banqiao XikunNew Taipei City
2	漢生郵局	220923Banqiao HanshengNew Taipei City
2	站前郵局	220907Banqiao Railway Station FrontNew Taipei City
2	莒光郵局	220906Banqiao JuguangNew Taipei City
0	枋寮水底寮郵局	940940Fangliao ShuidiliaoPingtung County
2	郵局	940939FangliaoPingtung County
1	山郵局	941941FangshanPingtung County
0	林內郵局	643907LinneiYunlin County
1	口中正路郵局	244911Linkou Zhongzheng RoadNew Taipei City
3	湖頭郵局	244914Linkou ZhonghutouNew Taipei City
2	國宅郵局	244913Linkou Public Housing CommunityNew Taipei City
2	臺師大郵局	244912Linkou National Taiwan Normal University New TaipeiNew Taipei City
2	郵局	244956LinkouNew Taipei City
1	園郵局	832918LinyuanKaohsiung City
1	邊郵局	927961LinbianPingtung County
0	柳營郵局	736968LiuyingTainan City
2	重溪郵局	736983Liuying ZhongxiTainan City
0	桃園中路郵局	330912Taoyuan ZhongluTaoyuan City
2	南門郵局	330907Taoyuan NanmenTaoyuan City
2	大業郵局	330920Taoyuan DayeTaoyuan City
2	客家文化館郵局	325977Taoyuan City Hakka Cultural CenterTaoyuan City
2	慈文郵局	330930Taoyuan CiwenTaoyuan City
2	成功路郵局	330900Taoyuan Chenggong RoadTaoyuan City
2	東埔郵局	330911Taoyuan DongpuTaoyuan City
2	民生路郵局	330904Taoyuan Minsheng RoadTaoyuan City
2	水汴頭郵局	330913Taoyuan ShuibiantouTaoyuan City
1	源郵局	848937TaoyuanKaohsiung City
0	梅山郵局	603936MeishanChiayi County
0	梓官郵局	826947ZiguanKaohsiung City
0	梧棲郵局	435914WuqiTaichung City
0	楊梅埔心里郵局	326987Yangmei PuxinliTaoyuan City
2	大同郵局	326985Yangmei DatongTaoyuan City
2	富岡郵局	326986Yangmei FugangTaoyuan City
2	幼工郵局	326988Yangmei YougongTaoyuan City
2	瑞塘郵局	326993Yangmei RuitangTaoyuan City
2	郵局	326984YangmeiTaoyuan City
2	高榮郵局	326990Yangmei GaorongTaoyuan City
0	楠梓亞洲城郵局	811970Nanzi Asian Town CommunityKaohsiung City
2	右昌郵局	811943Nanzi YouchangKaohsiung City
2	後勁郵局	811966Nanzih HoujinKaohsiung City
2	科技園區郵局	811964Nanzih Technology industrial ParkKaohsiung City
2	莒光郵局	811925Nanzi JuguangKaohsiung City
2	藍田郵局	811935Nanzi LantianKaohsiung City
2	郵局	811906NanziKaohsiung City
1	西郵局	715990NanxiTainan City
0	樹林三多郵局	238991Shulin SanduoNew Taipei City
2	大同郵局	238990Shulin DatongNew Taipei City
2	山佳郵局	238983Shulin ShanjiaNew Taipei City
2	柑園郵局	238987Shulin GanyuanNew Taipei City
2	樹新路郵局	238988Shulin Shuxin RoadNew Taipei City
2	育英街郵局	238986Shulin Yuying StreetNew Taipei City
2	迴龍郵局	238984Shulin HuilongNew Taipei City
2	郵局	238982ShulinNew Taipei City
2	鎮前街郵局	238985Shulin Zhenqian StreetNew Taipei City
0	橋頭郵局	825942QiaotouKaohsiung City
0	橫山郵局	312949HengshanHsinchu County
0	歸仁郵局	711909GuirenTainan City
0	民雄郵局	621932MinxiongChiayi County
2	雙福郵局	621935Minxiong ShuangfuChiayi County
0	水上中庄郵局	608903Shuishang ZhongzhuangChiayi County
2	南靖郵局	608902Shuishang NanjingChiayi County
2	郵局	608909ShuishangChiayi County
1	林郵局	652935ShuilinYunlin County
1	里郵局	553913ShuiliNantou County
0	永和中山路郵局	234969Yonghe Zhongshan RoadNew Taipei City
3	正路郵局	234967Yonghe Zhongzheng RoadNew Taipei City
2	永貞郵局	234966Yonghe YongzhenNew Taipei City
2	福和郵局	234965Yonghe FuheNew Taipei City
2	秀朗郵局	234968Yonghe XiulangNew Taipei City
2	郵局	234964YongheNew Taipei City
1	安竹仔港郵局	828955Yongan ZhuzaigangKaohsiung City
2	郵局	828948YonganKaohsiung City
1	康二王郵局	710921Yongkang ErwangTainan City
2	大橋郵局	710942Yongkang DaciaoTainan City
2	崑山郵局	710943Yongkang KunshanTainan City
2	王行郵局	710946Yongkang WanghungTainan City
2	網寮郵局	710908Yongkang WangliaoTainan City
2	郵局	710910YongkangTainan City
1	靖郵局	512951YongjingChanghua County
0	汐止南昌郵局	221946Xizhi NanchangNew Taipei City
2	厚德郵局	221944Xizhi HoudeNew Taipei City
2	建成路郵局	221947Xizhi Jiancheng RoadNew Taipei City
2	樟樹灣郵局	221941Xizhi ZhangshuwanNew Taipei City
2	社后郵局	221942Xizhi ShehouNew Taipei City
2	郵局	221939XizhiNew Taipei City
2	龍安郵局	221943Xizhi LonganNew Taipei City
0	池上郵局	958920ChihshangTaitung County
0	沙鹿郵局	433912ShaluTaichung City
0	泰安郵局	365918Tai-anMiaoli County
1	山同榮郵局	243947Taishan TongrongNew Taipei City
2	貴子路郵局	243954Taishan Guizi RoadNew Taipei City
2	郵局	243938TaishanNew Taipei City
0	海洋大學郵局	202907National Taiwan Ocean UniversityKeelung City
0	淡水中興郵局	251931Tamsui ZhongxingNew Taipei City
2	崁頂郵局	251932Tamsui kandingNew Taipei City
2	水碓郵局	251930Tamsui ShuiduiNew Taipei City
2	竹圍郵局	251929Tamsui ZhuweiNew Taipei City
2	郵局	251927TamsuiNew Taipei City
1	江大學郵局	251928Tamkang UniversityNew Taipei City
0	深坑草地尾郵局	222981Shenkeng CaodiweiNew Taipei City
2	郵局	222975ShenkengNew Taipei City
0	清水郵局	436913QingshuiTaichung City
1	華大學郵局	300902National Tsinghua UniversityHsinchu City
0	湖內郵局	829956HuneiKaohsiung City
1	口新工郵局	303944Hukou XingongHsinchu County
2	郵局	303938HukouHsinchu County
2	鳳凰郵局	303942Hukou FenghuangHsinchu County
1	西郵局	885907HuxiPenghu County
0	溪口郵局	623954XikouChiayi County
1	州郵局	524937XizhouChanghua County
1	湖郵局	514924XihuChanghua County
0	滿州郵局	947949ManzhouPingtung County
0	潭子加工區郵局	427999Tanzi Export Processing ZoneTaichung City
2	潭北郵局	427903Tanzi TanbeiTaichung City
2	郵局	427998TanziTaichung City
2	頭家厝郵局	427900Tanzi ToujiacuoTaichung City
0	潮州郵局	920950ChaozhouPingtung County
0	烏日郵局	414903WuriTaichung City
0	燕巢郵局	824945YanchaoKaohsiung City
0	獅潭郵局	354917ShitanMiaoli County
0	玉井郵局	714989YujingTainan City
1	里郵局	981931YuliHualien County
0	琉球郵局	929967LiuqiuPingtung County
0	瑞穗富源郵局	978930Ruisui FuyuanHualien County
2	郵局	978929RuisuiHualien County
1	芳九份郵局	224935Ruifang JiufenNew Taipei City
2	郵局	224934RuifangNew Taipei City
2	金瓜石郵局	224937Ruifang JinguashiNew Taipei City
0	田中郵局	520958TianzhongChanghua County
1	尾郵局	522935TianweiChanghua County
0	甲仙郵局	847934JiaxianKaohsiung City
0	番路郵局	602914FanluChiayi County
0	白沙郵局	884905BaishaPenghu County
1	河仙草埔郵局	732981Baihe XiancaopuTainan City
2	郵局	732978BaiheTainan City
0	石岡郵局	422974ShigangTaichung City
1	碇華梵大學郵局	223980Shiding Huafan UniversityNew Taipei City
2	郵局	223974ShidingNew Taipei City
1	門郵局	253934ShimenNew Taipei City
0	礁溪湯仔城郵局	262916Jiaoxi TangzaichengYilan County
2	郵局	262914JiaoxiYilan County
0	社頭郵局	511955ShetouChanghua County
0	神岡社口郵局	429981Shengang ShekouTaichung City
2	郵局	429973ShengangTaichung City
0	福興福工郵局	506931Fuxing FugongChanghua County
2	郵局	506928FuxingChanghua County
0	秀林和平郵局	972912Xiulin HepingHualien County
1	水郵局	504917XiushuiChanghua County
0	立法院郵局	100925Legislative YuanTaipei City
0	竹北光明郵局	302937Zhubei GuangmingHsinchu County
2	六家郵局	302936Zhubei LiujiaHsinchu County
2	博愛郵局	302935Zhubei BoaiHsinchu County
2	郵局	302933ZhubeiHsinchu County
1	南郵局	350923ZhunanMiaoli County
1	塘郵局	525941ZhutangChanghua County
1	山郵局	557922zhushanNantou County
1	崎內埔郵局	604927Zhuqi NeipuChiayi County
2	灣橋郵局	604952Zhuqi WanqiaoChiayi County
2	郵局	604926ZhuqiChiayi County
1	東二重埔郵局	310954Zhudong ErchongpuHsinchu County
2	工研院郵局	310956Zhudong Industrial Technology Research InstituteHsinchu County
2	郵局	310947ZhudongHsinchu County
2	長春郵局	310955Zhudong ChangchunHsinchu County
1	田郵局	911958ZhutianPingtung County
0	綠島郵局	951903LudaoTaitung County
0	線西郵局	507908XianxiChanghua County
0	羅東南門郵局	265928Luodong NanmenYilan County
2	郵局	265925LuodongYilan County
0	美濃郵局	843932MeinongKaohsiung City
0	義守大學郵局	840986I-Shou UniversityKaohsiung City
1	竹郵局	624941YizhuChiayi County
0	臺中中正路郵局	403902Taichung Zhongzheng RoadTaichung City
3	科郵局	428928Taichung ZhongkeTaichung City
2	何厝郵局	407944Taichung HecuoTaichung City
2	健行路郵局	404955Taichung Jianxing RoadTaichung City
2	公益路郵局	403940Taichung Gongyi RoadTaichung City
2	力行路郵局	401923Taichung Lixing RoadTaichung City
2	北屯郵局	406935Taichung BeitunTaichung City
2	南和路郵局	402945Taichung Nanhe RoadTaichung City
3	屯路郵局	408919Taichung Nantun RoadTaichung City
2	向上郵局	408970Taichung XiangshangTaichung City
2	四張犁郵局	406939Taichung SizhangliTaichung City
2	國光路郵局	402917Taichung Guoguang RoadTaichung City
2	大全街郵局	403950Taichung Daquan StreetTaichung City
3	坑口郵局	406941Taichung DakengkouTaichung City
3	隆路郵局	407967Taichung Dalong RoadTaichung City
2	嶺東郵局	408929Taichung LingdongTaichung City
2	工業區郵局	407946Taichung Industrial ParkTaichung City
2	文心路郵局	406963Taichung Wenxin RoadTaichung City
2	旱溪郵局	401924Taichung HanxiTaichung City
2	東興路郵局	408936Taichung Dongxing RoadTaichung City
2	松竹郵局	406966Taichung SongzhuTaichung City
2	民權路郵局	400900Taichung Minquan RoadTaichung City
2	水湳郵局	406927Taichung ShuinanTaichung City
2	淡溝郵局	404953Taichung DangouTaichung City
2	港郵局	435911Taichung PortTaichung City
2	福安郵局	407969Taichung Fu-anTaichung City
3	平里郵局	402920Taichung FupingliTaichung City
2	育才郵局	404915Taichung YucaiTaichung City
2	臺中路郵局	402901Taichung Taichung RoadTaichung City
2	英才郵局	403965Taichung YingcaiTaichung City
2	西屯郵局	407930Taichung XitunTaichung City
2	逢甲郵局	407925Taichung FengjiaTaichung City
2	雙十路郵局	404926Taichung Shuangshi RoadTaichung City
2	黎明郵局	408947Taichung LimingTaichung City
1	北三張犁郵局	106943Taipei SanzhangliTaipei City
2	世貿郵局	110909Taipei World Trade CenterTaipei City
2	中山郵局	104909Taipei ZhongshanTaipei City
3	崙郵局	104934Taipei ZhonglunTaipei City
2	仁愛路郵局	106924Taipei Ren-ai Rd.Taipei City
3	杭郵局	100977Taipei RenhangTaipei City
2	保安郵局	103961Taipei Bao-anTaipei City
2	信維郵局	106926Taipei XinweiTaipei City
3	義郵局	110928Taipei XinyiTaipei City
2	光復郵局	105936Taipei GuangfuTaipei City
3	武郵局	106953Taipei GuangwuTaipei City
3	華郵局	106932Taipei GuanghuaTaipei City
2	公館郵局	100913Taipei GongguanTaipei City
2	六張犁郵局	106957Taipei LiuzhangliTaipei City
2	北安郵局	104904Taipei Bei-anTaipei City
3	門郵局	100900Taipei BeimenTaipei City
2	南海郵局	100905Taipei NanhaiTaipei City
3	陽郵局	100933Taipei NanyangTaipei City
2	古亭郵局	100930Taipei GutingTaipei City
2	吳興郵局	110954Taipei WuxingTaipei City
2	圓山郵局	104965Taipei Yuanshan TaipeiTaipei City
3	環郵局	103911Taipei YuanhuanTaipei City
2	大同郵局	103947Taipei DatongTaipei City
3	安郵局	106917Taipei Da-anTaipei City
3	直郵局	104937Taipei DazhiTaipei City
3	龍峒郵局	103950Taipei DalongtongTaipei City
2	安和郵局	106996Taipei AnheTaipei City
2	市府郵局	110949Taipei City GovernmentTaipei City
2	師大郵局	106922Taipei Normal UniversityTaipei City
2	延壽郵局	105956Taipei YanshouTaipei City
2	建北郵局	104927Taipei JianbeiTaipei City
2	復興橋郵局	100908Taipei Fuxing BridgeTaipei City
2	成功郵局	106944Taipei ChenggongTaipei City
2	敦南郵局	106908Taipei DunnanTaipei City
2	杭南郵局	100984Taipei HangnanTaipei City
2	東園郵局	108931Taipei DongyuanTaipei City
3	門郵局	100901Taipei DongmenTaipei City
2	松山郵局	105918Taipei SongshanTaipei City
3	德郵局	110951Taipei SongdeTaipei City
3	江路郵局	104955Taipei Songjiang Rd.Taipei City
2	榮星郵局	105901Taipei RongxingTaipei City
2	樂群2路郵局	104992Taipei Lequn 2nd RdTaipei City
2	正義郵局	106982Taipei ZhengyiTaipei City
2	民權郵局	104968Taipei MinquanTaipei City
3	生郵局	105987Taipei MinshengTaipei City
2	永吉郵局	110978Taipei YongjiTaipei City
3	春郵局	110999Taipei YongchunTaipei City
2	漢中街郵局	108902Taipei Hanzhong StreetTaipei City
2	老松郵局	108970Taipei LaosongTaipei City
2	臺北橋郵局	103921Taipei Taipei-BridgeTaipei City
3	塑郵局	105919Taipei TaisuTaipei City
2	興安郵局	104912Taipei Xing-anTaipei City
2	莒光郵局	108935Taipei JuguangTaipei City
2	華江橋郵局	108979Taipei Huajiang BridgeTaipei City
2	萬大路郵局	108974Taipei Wanda Rd.Taipei City
2	螢橋郵局	100906Taipei YingqiaoTaipei City
2	西園郵局	108903Taipei XiyuanTaipei City
3	松郵局	105948Taipei XisongTaipei City
2	迪化街郵局	103910Taipei Dihua StreetTaipei City
2	逸仙郵局	110980Taipei YixianTaipei City
2	金南郵局	106991Taipei JinnanTaipei City
2	長安郵局	104946Taipei Chang-anTaipei City
3	春路郵局	104967Taipei Changchun Rd.Taipei City
2	陽明交大郵局	112947Taipei National Yang Ming Chiao Tung UniversityTaipei City
2	雙連郵局	104917Taipei ShuanglianTaipei City
2	青年郵局	108995Taipei QingnianTaipei City
3	田郵局	106907Taipei QingtianTaipei City
2	體育場郵局	105981Taipei StadiumTaipei City
2	龍口郵局	100972Taipei LongkouTaipei City
3	江路郵局	104921Taipei Longjiang Rd.Taipei City
1	南中正路郵局	700905Tainan Zhongzheng RoadTainan City
2	北小北郵局	704929Tainan BeixiaobeiTainan City
2	南門路郵局	700915Tainan Nanmen RoadTainan City
2	原佃郵局	709947Tainan YuandianTainan City
2	和順郵局	709931Tainan HeshunTainan City
2	地方法院郵局	708963Tainan District CourtTainan City
2	大光郵局	704925Tainan DaguangTainan City
3	同路郵局	702920Tainan Datong RoadTainan City
2	安南郵局	709936Tainan AnnanTainan City
3	平郵局	708904Tainan AnpingTainan City
3	順郵局	709934Tainan AnshunTainan City
2	小東郵局	701940Tainan SiaodongTainan City
2	德高厝郵局	701912Tainan DegaocuoTainan City
2	成功路郵局	704900Tainan Chenggong RoadTainan City
2	文元郵局	704948Tainan WunyuanTainan City
2	新南郵局	708962Tainan XinnanTainan City
3	義郵局	702935Tainan XinyiTainan City
2	東城郵局	701918Tainan DongchengTainan City
3	寧路郵局	701928Tainan Dongning RoadTainan City
3	門郵局	701926Tainan DongmenTainan City
2	水交社郵局	700902Tainan ShueijiaosheTainan City
2	永樂郵局	700913Tainan YongleTainan City
2	海佃郵局	709938Tainan HaidianTainan City
2	灣裡郵局	702923Tainan WanliTainan City
2	育平郵局	708964Tainan YupingTainan City
2	虎尾寮郵局	701949Tainan HuweiliaoTainan City
2	西華郵局	704917Tainan XihuaTainan City
3	門路郵局	702901Tainan Ximen RoadTainan City
2	金華郵局	702937Tainan JinhuaTainan City
2	開元路郵局	704919Tainan Kaiyuan RoadTainan City
2	鹽埕郵局	702933Tainan YanchengTainan City
1	大郵局	106923National Taiwan UniversityTaipei City
1	東大同路郵局	950900Taitung Datong RoadTaitung County
2	東方大鎮郵局	950927Taitung Dongfang DazhenTaitung County
2	知本郵局	950909Taitung ZhihbenTaitung County
2	豐榮郵局	950917Taitung FengrongTaitung County
2	馬蘭郵局	950916Taitung malanTaitung County
1	灣桃園國際機場郵局	337935Taiwan Taoyuan International AirportTaoyuan City
2	科大郵局	106990National Taiwan University of Science and TechnologyTaipei City
1	西郵局	636927TaixiYunlin County
0	芎林郵局	307948QionglinHsinchu County
0	芬園郵局	502906FenyuanChanghua County
0	花壇郵局	503902HuatanChanghua County
1	蓮下美崙郵局	970909Hualien XiameilunHualien County
2	中山路郵局	970919Hualien Zhongshan RoadHualien County
3	華路郵局	970913Hualien Zhonghua RoadHualien County
2	南京街郵局	970902Hualien Nanjing StreetHualien County
2	國安郵局	970900Hualien Guo-anHualien County
2	富國路郵局	970914Hualien Fuguo RoadHualien County
2	師院郵局	970920National Hualien Teachers CollegeHualien County
2	府前路郵局	970907Hualien Fuqian RoadHualien County
2	港務局郵局	970911Hualien Harbour BureauHualien County
0	芳苑郵局	528940FangyuanChanghua County
0	苑裡山腳郵局	358921Yuanli ShanjiauMiaoli County
2	郵局	358920YuanliMiaoli County
0	苓雅郵局	802902LingyaKaohsiung City
0	苗栗中苗郵局	360900Miaoli ZhongmiaoMiaoli County
2	嘉盛郵局	360908Miaoli JiashengMiaoli County
2	府前郵局	360912Miaoli FuqianMiaoli County
2	文山郵局	360906Miaoli WenshanMiaoli County
2	福星郵局	360907FuxingMiaoli County
0	茄萣郵局	852958QiedingKaohsiung City
0	草屯郵局	542910CaotunNantou County
0	莿桐郵局	647901CitongYunlin County
0	萬丹社皮郵局	913938Wandan ShepiPingtung County
2	郵局	913930WandanPingtung County
1	巒郵局	923952WanluanPingtung County
1	里郵局	207930WanliNew Taipei City
0	蘆洲中原路郵局	247919Luzhou Zhongyuan RoadNew Taipei City
3	山路郵局	247917Luzhou Zhongshan RoadNew Taipei City
2	光華路郵局	247918Luzhou Guanghua RoadNew Taipei City
2	民族路郵局	247920Luzhou Minzu RoadNew Taipei City
2	空大郵局	247916Luzhou National Open UniversityNew Taipei City
2	郵局	247915LuzhouNew Taipei City
1	竹大竹郵局	338927Luzhu DazhuTaoyuan City
2	郵局	338909LuzhuTaoyuan City
2	錦興郵局	338929Luzhu JinxingTaoyuan City
0	蘇澳南方澳郵局	270919Su-ao NanfangaoYilan County
2	東澳路郵局	272923Su-ao Dong-ao RoadYilan County
2	蘇西里郵局	270922Su-ao SuxiliYilan County
2	郵局	270918Su-aoYilan County
0	蘭嶼郵局	952901LanyuTaitung County
0	虎尾科技大學郵局	632922National Huwei University of Science and TechnologyYunlin County
2	郵局	632917HuweiYunlin County
0	行政院郵局	100912Executive YuanTaipei City
0	褒忠郵局	634928BaozhongYunlin County
0	西嶼郵局	881902XiyuPenghu County
1	港郵局	723995XigangTainan City
1	湖郵局	368905XihuMiaoli County
1	螺郵局	648915XiluoYunlin County
0	觀音工業區郵局	328968Guanyin Industrial ParkTaoyuan City
2	新坡郵局	328949Guanyin XinpoTaoyuan City
2	草漯郵局	328989Guanyin CaotaTaoyuan City
2	郵局	328954GuanyinTaoyuan City
0	豐原葫蘆墩郵局	420983Fongyuan Huludun.Taichung City
2	郵局	420972FengyuanTaichung City
1	濱郵局	977927FongbinHualien County
0	貢寮澳底郵局	228929Gongliao AodiNew Taipei City
2	郵局	228928GongliaoNew Taipei City
0	路竹郵局	821959LuzhuKaohsiung City
0	車城郵局	944947ChechengPingtung County
0	輔仁大學郵局	242937Fu Jen Catholic UniversityNew Taipei City
0	通霄白沙屯郵局	357915Tongxiao BaishazhunMiaoli County
2	郵局	357914TongxiaoMiaoli County
0	造橋郵局	361924ZaoqiaoMiaoli County
0	達仁郵局	966925DarenTaitung County
0	里港三和路郵局	905927Ligang Sanhe RoadPingtung County
2	郵局	905926LigangPingtung County
0	金山郵局	208932JinshanNew Taipei City
1	門尚義郵局	891988Jinmen ShangyiKinmen County
2	烈嶼郵局	894987Jinmen LieyuKinmen County
2	郵局	893984JinmenKinmen County
0	銅鑼郵局	366911TongluoMiaoli County
0	長治郵局	908910ChangzhiPingtung County
1	濱郵局	962922ChangbinTaitung County
0	關山郵局	956918GuanshanTaitung County
1	廟郵局	718959GuanmiaoTainan City
1	西郵局	306930GuanxiHsinchu County
0	阿蓮郵局	822951AlianKaohsiung City
1	里山郵局	605928AlishanChiayi County
0	陽明山郵局	112924Yangming-shanTaipei City
0	集集郵局	552909JijiNantou County
0	雙溪郵局	227933ShuangxiNew Taipei City
0	霧峰郵局	413908WufengTaichung City
0	頭份上公園郵局	351933Toufen ShanggongyuanMiaoli County
2	斗煥郵局	351930Toufen DouhuanMiaoli County
2	郵局	351929ToufenMiaoli County
1	城郵局	261911TouchengYilan County
0	馬公中正路郵局	880900Magong Zhongzheng RoadPenghu County
2	鎖港郵局	880908Magong SuogangPenghu County
0	高樹郵局	906928GaoshuPingtung County
1	雄中林子郵局	812985Kaohsiung ZhonglinziKaohsiung City
3	鋼郵局	812947Kaohsiung China Steel CorporationKaohsiung City
2	九如2路郵局	807932Kaohsiung Jiuru 2nd RoadKaohsiung City
2	二苓郵局	812962Kaohsiung ErlingKaohsiung City
2	佛公郵局	806944Kaohsiung fo gongKaohsiung City
2	內惟郵局	804911Kaohsiung NeiweiKaohsiung City
2	凹仔底郵局	804982Kaohsiung AozaidiKaohsiung City
2	前峰郵局	804946Kaohsiung QianfengKaohsiung City
2	博愛路郵局	807954Kaohsiung Bo-ai RoadKaohsiung City
2	大學郵局	811965National University of KaohsiungKaohsiung City
2	宏平郵局	812978Kaohsiung HongpingKaohsiung City
2	崗山仔郵局	806984Kaohsiung GangshanzaiKaohsiung City
2	師大郵局	802930National Kaohsiung Normal UniversityKaohsiung City
2	府北郵局	803923Kaohsiung FubeiKaohsiung City
2	廣澤郵局	806921Kaohsiung GuangzeKaohsiung City
2	文化中心郵局	802964Kaohsiung Cultural CenterKaohsiung City
2	新田郵局	800969Kaohsiung XintianKaohsiung City
2	桂林郵局	812987Kaohsiung GuilinKaohsiung City
2	武廟郵局	802960Kaohsiung WumiaoKaohsiung City
2	民壯郵局	807961Kaohsiung MinzhuangKaohsiung City
3	族社區郵局	807948Kaohsiung Minzu CommunityKaohsiung City
2	灣仔內郵局	807928Kaohsiung WanzaineiKaohsiung City
2	瑞豐郵局	804968Kaohsiung RuifengKaohsiung City
2	站前郵局	807908Kaohsiung Railway Station FrontKaohsiung City
3	後郵局	807949Kaohsiung Railway Station RearKaohsiung City
2	籬仔內郵局	806939Kaohsiung LizaineiKaohsiung City
2	義民郵局	807967Kaohsiung YiminKaohsiung City
2	西甲郵局	806936Kaohsiung XijiaKaohsiung City
2	醫學大學郵局	807972Kaohsiung Medical UniversityKaohsiung City
2	鼎泰郵局	807956Kaohsiung DingtaiKaohsiung City
3	金郵局	807979Kaohsiung DingjinKaohsiung City
2	鼓岩郵局	804920Kaohsiung GuyanKaohsiung City
0	魚池郵局	555937YuchiNantou County
0	鳥松長庚醫院郵局	833921Niaosong Chang-Gung Memorial HospitalKaohsiung City
0	鳳山三民路郵局	830917Fengshan Sanmin RoadKaohsiung City
2	五甲郵局	830905Fengshan WujiaKaohsiung City
2	新富郵局	830913Fengshan XinfuKaohsiung City
2	郵局	830996FengshanKaohsiung City
2	鳳松路郵局	830909Fengshan Fengsong RoadKaohsiung City
1	林萬榮郵局	975923Fenglin WanrongHualien County
2	郵局	975922FenglinHualien County
0	鶯歌永昌郵局	239940Yingge YongchangNew Taipei City
2	郵局	239937YinggeNew Taipei City
0	鹽埔郵局	907911YanpuPingtung County
1	埕郵局	803905YanchengKaohsiung City
1	水郵局	737972YanshuiTainan City
0	鹿港郵局	505927LugangChanghua County
1	草郵局	611946LucaoChiayi County
1	谷郵局	558923LuguNantou County
1	野郵局	955910LuyeTaitung County
0	麟洛郵局	909908LinluoPingtung County
0	麥寮工業區郵局	638930Mailiao Industrial ParkYunlin County
2	橋頭郵局	638931Mailiao QiaotouYunlin County
2	郵局	638926MailiaoYunlin County
0	麻豆郵局	721901MadouTainan City
0	鼓山郵局	804909GushanKaohsiung City
0	龍井新庄郵局	434917Longjing XinzhuangTaichung City
2	郵局	434915LongjingTaichung City
1	潭南龍郵局	325982Longtan NanlongTaoyuan City
2	國原院郵局	325981Longtan National Atomic Research InstituteTaoyuan City
2	郵局	325974LongtanTaoyuan City
2	高原郵局	325983Longtan GaoyuanTaoyuan City
0	龜山大崗郵局	333901Guishan DagangTaoyuan City
2	文化郵局	333925Guishan wenhuaTaoyuan City
2	民安街郵局	333906Guishan Min-an StreetTaoyuan City
2	迴龍郵局	333919Guishan HuilongTaoyuan City
2	郵局	333905GuishanTaoyuan City