局名,縣市,英文局名
七股郵局,臺南市,Qigu
三峽中山郵局,新北市,Sanxia Zhongshan
三峽郵局,新北市,Sanxia
三星郵局,宜蘭縣,Sanxing
三灣郵局,苗栗縣,Sanwan
三義郵局,苗栗縣,Sanyi
三芝郵局,新北市,Sanzhi
三重中山路郵局,新北市,Sanchong Zhongshan Road
三重中興橋郵局,新北市,Sanchong Zhongxing Bridge
三重二重埔郵局,新北市,Sanchong Erchongpu
三重五常郵局,新北市,Sanchong Wuchang
三重介壽路郵局,新北市,Sanchong Jieshou Road
三重忠孝路郵局,新北市,Sanchong Zhongxiao Road
三重正義郵局,新北市,Sanchong Zhengyi
三重溪尾街郵局,新北市,Sanchong Xiwei Street
下營中營郵局,臺南市,Xiaying Zhongying
下營郵局,臺南市,Xiaying
世新大學郵局,臺北市,Shih Hsin University
中原大學郵局,桃園市,Chung Yuan Christian University
中和中山路郵局,新北市,Zhonghe Zhongshan Road
中和中正路郵局,新北市,Zhonghe Zhongzheng Road
中和南勢角郵局,新北市,Zhonghe Nanshijiao
中和國光街郵局,新北市,Zhonghe Guoguang Street
中和大華郵局,新北市,Zhonghe Dahua
中和宜安郵局,新北市,Zhonghe Yi-an
中和民富街郵局,新北市,Zhonghe Minfu Street
中和泰和街郵局,新北市,Zhonghe Taihe Street
中和秀山郵局,新北市,Zhonghe Xiushan
中和興南郵局,新北市,Zhonghe Xingnan
中和連城路郵局,新北市,Zhonghe Liancheng Road
中和郵局,新北市,Zhonghe
中埔後庄郵局,嘉義縣,Zhongpu Houzhuang
中埔郵局,嘉義縣,Zhongpu
中壢仁美郵局,桃園市,Zhongli Renmei
中壢內壢郵局,桃園市,Zhongli Neili
中壢南園郵局,桃園市,Zhongli Nanyuan
中壢大崙郵局,桃園市,Zhongli Dalun
中壢志廣郵局,桃園市,Zhongli Zhiguang
中壢忠義郵局,桃園市,Zhongli Zhongyi
中壢普仁郵局,桃園市,Zhongli Puren
中壢東興郵局,桃園市,Zhongli Dongxing
中壢環北郵局,桃園市,Zhongli Huanbei
中壢自立郵局,桃園市,Zhongli Zili
中壢興國郵局,桃園市,Zhongli Xingguo
中壢華勛郵局,桃園市,Zhongli Huasyun
中壢郵局,桃園市,Zhongli
中壢頂壢郵局,桃園市,Zhongli Dingli
中壢龍岡郵局,桃園市,Zhongli Longgang
中央大學郵局,桃園市,National Central University
中寮郵局,南投縣,Zhongliao
中山大學郵局,高雄市,National Sun Yat-sen University
中正大學郵局,嘉義縣,Chung Cheng University
中研院郵局,臺北市,Academia Sinica
九如郵局,屏東縣,Jiuru
二崙郵局,雲林縣,Erlun
二林郵局,彰化縣,Erlin
二水郵局,彰化縣,Ershui
五結二結郵局,宜蘭縣,Wujie Erjie
五結利澤郵局,宜蘭縣,Wujie Lize
五結郵局,宜蘭縣,Wujie
五股中興路郵局,新北市,Wugu Zhongxing Road
五股登林路郵局,新北市,Wugu Denglin Road
五股褒仔寮郵局,新北市,Wugu Baozailiao
五股郵局,新北市,Wugu
仁德二空郵局,臺南市,Rende Erkong
仁德太子郵局,臺南市,Rende Taizi
仁德車路墘郵局,臺南市,Rende Cheluqian
仁德郵局,臺南市,Rende
仁愛霧社郵局,南投縣,Ren-ai Wushe
仁武台塑郵局,高雄市,Renwu Taisu
仁武郵局,高雄市,Renwu
伸港全興郵局,彰化縣,Shengang Quanxing
伸港郵局,彰化縣,Shengang
佳冬郵局,屏東縣,Jiadong
佳里郵局,臺南市,Jiali
信義和社郵局,南投縣,Xinyi Hanshe
信義郵局,南投縣,Xinyi
元長郵局,雲林縣,Yuanchang
光復郵局,花蓮縣,Guangfu
內埔學府郵局,屏東縣,Neipu Xuefu
內埔豐田郵局,屏東縣,Neipu Fengtian
內埔郵局,屏東縣,Neipu
內埔龍泉郵局,屏東縣,Neipu Longquan
內湖北勢湖郵局,臺北市,Neihu Beishihu
內湖康寧郵局,臺北市,Neihu Kangning
內湖文德郵局,臺北市,Neihu Wende
內湖東湖郵局,臺北市,Neihu Donghu
內湖江南郵局,臺北市,Neihu Jiangnan
內湖碧湖郵局,臺北市,Neihu Bihu
內湖舊宗郵局,臺北市,Neihu Jiuzong
內湖西湖郵局,臺北市,Neihu Xihu
內湖週美郵局,臺北市,Neihu Zhoumei
內湖郵局,臺北市,Neihu
八德大湳郵局,桃園市,Bade Danan
八德麻園郵局,桃園市,Bade Mayuan
八里郵局,新北市,Bali
八里龍形郵局,新北市,Bali Longxing
公館郵局,苗栗縣,Gongguan
六甲郵局,臺南市,Liujia
六腳蒜頭郵局,嘉義縣,Liujiao Suantou
六龜郵局,高雄市,Liugui
冬山群英郵局,宜蘭縣,Dongshan Qyunying
冬山郵局,宜蘭縣,Dongshan
前鎮科技園區郵局,高雄市,Qianzhen Technology Industrial Park
前鎮郵局,高雄市,Qianzhen
北埔郵局,新竹縣,Beipu
北大特區郵局,新北市,Beida Special District
北投奇岩郵局,臺北市,Beitou Qiyan
北投實踐郵局,臺北市,Beitou Shijian
北投尊賢郵局,臺北市,Beitou Zunxian
北投山腳郵局,臺北市,Beitou Shanjiao
北投文化郵局,臺北市,Beitou Wenhua
北投文林郵局,臺北市,Beitou Wenlin
北投明德郵局,臺北市,Beitou Mingde
北投石牌郵局,臺北市,Beitou Shipai
北投舊北投郵局,臺北市,Beitou Former-Beitou
北投豐年郵局,臺北市,Beitou Fengnian
北投郵局,臺北市,Beitou
北投關渡郵局,臺北市,Beitou Guandu
北斗郵局,彰化縣,Beidou
北港北辰郵局,雲林縣,Beigang Beichen
北港郵局,雲林縣,Beigang
北門郵局,臺南市,Beimen
卑南初鹿郵局,臺東縣,Beinan Chulu
卓蘭郵局,苗栗縣,Zhuolan
南化郵局,臺南市,Nanhua
南州郵局,屏東縣,Nanzhou
南庄郵局,苗栗縣,Nanzhuang
南投三和郵局,南投縣,Nantou Sanhe
南投中興郵局,南投縣,Zhongsing
南投南崗郵局,南投縣,Nangang
南投民族路郵局,南投縣,Nantou Minzu Road
南港同德郵局,臺北市,Nangang Tongde
南港富康郵局,臺北市,Nangang Fukang
南港昆陽郵局,臺北市,Nangang Kunyang
南港港三郵局,臺北市,Nangang Gangsan
南港福德郵局,臺北市,Nangang Fude
南港軟體園區郵局,臺北市,Nangang Software Park
南港郵局,臺北市,Nangang
南澳郵局,宜蘭縣,Nan-ao
口湖郵局,雲林縣,Kouhu
古坑郵局,雲林縣,Gukeng
吉安仁里郵局,花蓮縣,Ji-an Renli
吉安太昌郵局,花蓮縣,Ji-an Taichang
吉安宜昌郵局,花蓮縣,Ji-an Yichang
吉安郵局,花蓮縣,Ji-an
名間新街郵局,南投縣,Mingjian Sinjie
名間松嶺郵局,南投縣,Mingjian Song Ridge
名間郵局,南投縣,Mingjian
后里月眉郵局,臺中市,Houli Yuemei
后里義里郵局,臺中市,Houli Yili
后里郵局,臺中市,Houli
和平梨山郵局,臺中市,Heping Lishan
和美郵局,彰化縣,Hemei
員山內城郵局,宜蘭縣,Yuanshan Neicheng
員林中正路郵局,彰化縣,Yuanlin Zhongzheng Road
員林西門郵局,彰化縣,Yuanlin Ximen
員林郵局,彰化縣,Yuanlin
善化中山路郵局,臺南市,Shanhua Zhongshan Road
善化郵局,臺南市,Shanhua
嘉義中山路郵局,嘉義市,Chiayi Zhongshan Road
嘉義保安郵局,嘉義市,Chiayi Bao-an
嘉義文化路郵局,嘉義市,Chiayi Wenhua Road
嘉義玉山郵局,嘉義市,Chiayi Yushan
嘉義福全郵局,嘉義市,Chiayi Fuquan
嘉義興嘉郵局,嘉義市,Chiayi Xingjia
四湖郵局,雲林縣,Sihu
國史館郵局,臺北市,Academia Historica
國姓郵局,南投縣,Guoxing
國姓長流郵局,南投縣,Guoxing Changliu
土城學府郵局,新北市,Tucheng Syuefu
土城工業區郵局,新北市,Tucheng Industrial Park
土城平和郵局,新北市,Tucheng Pinghe
土城清水郵局,新北市,Tucheng Qingshuei
土城貨饒郵局,新北市,Tucheng Huorao
土城郵局,新北市,Tucheng
土庫郵局,雲林縣,Tuku
土庫馬光郵局,雲林縣,Tuku Maguang
埔心郵局,彰化縣,Puxin
埔里郵局,南投縣,Puli
埔鹽郵局,彰化縣,Puyan
埤頭郵局,彰化縣,Pitou
基隆七堵郵局,基隆市,Keelung Qidu
基隆中山郵局,基隆市,Keelung Zhongshan
基隆中正郵局,基隆市,Keelung Zhongzheng
基隆信義郵局,基隆市,Keelung Xinyi
基隆光二路郵局,基隆市,Keelung Guang 2nd Road
基隆南榮路郵局,基隆市,Keelung Nanrong Road
基隆和平島郵局,基隆市,Keelung Hepingdao
基隆大武崙郵局,基隆市,Keelung Dawulun
基隆孝三路郵局,基隆市,Keelung Xiao 3rd Road
基隆安樂路郵局,基隆市,Keelung Anle Road
基隆安瀾橋郵局,基隆市,Keelung Anlan Bridge
基隆復興路郵局,基隆市,Keelung Fuxing Road
基隆愛三路郵局,基隆市,Keelung Ai 3rd Road
基隆新豐街郵局,基隆市,Keelung Xinfeng Street
基隆暖暖郵局,基隆市,Keelung Nuannuan
基隆東信路郵局,基隆市,Keelung Dongxin Road
基隆樂利郵局,基隆市,Keelung Leli
基隆港東郵局,基隆市,Keelung Gangdong
基隆港西街郵局,基隆市,Keelung Gangxi Street
基隆百福郵局,基隆市,Keelung Baifu
基隆碇內郵局,基隆市,Keelung Dingnei
基隆過港路郵局,基隆市,Keelung Guogang Road
士林中正路郵局,臺北市,Shilin Zhongzheng Rd.
士林劍潭郵局,臺北市,Shilin Jiantan
士林名山里郵局,臺北市,Shilin Mingshanli
士林外雙溪郵局,臺北市,Shilin Waishuangxi
士林天母郵局,臺北市,Shilin Tianmu
士林後港郵局,臺北市,Shilin Hougang
士林社子郵局,臺北市,Shilin Shezi
士林社新里郵局,臺北市,Shilin Shexinli
士林芝山郵局,臺北市,Shilin Zhishan
士林蘭雅郵局,臺北市,Shilin Lanya
士林郵局,臺北市,Shilin
壽豐志學郵局,花蓮縣,Shoufeng Zhixue
壽豐東華大學郵局,花蓮縣,Shoufeng National DongHua University
壽豐豐田郵局,花蓮縣,Shoufeng Fengtian
壽豐郵局,花蓮縣,Shoufeng
外埔郵局,臺中市,Waipu
大內郵局,臺南市,Danei
大園埔心街郵局,桃園市,Dayuan Puxin Street
大園菓林郵局,桃園市,Dayuan Guolin
大園郵局,桃園市,Dayuan
大城郵局,彰化縣,Dacheng
大埤郵局,雲林縣,Dapi
大安郵局,臺中市,Da-an
大寮中庄郵局,高雄市,Daliao Zhongzhuang
大寮大發郵局,高雄市,Daliao Dafa
大寮郵局,高雄市,Daliao
大村郵局,彰化縣,Dacun
大林郵局,嘉義縣,Dalin
大樹九曲堂郵局,高雄市,Dashu Jiuqutang
大樹郵局,高雄市,Dashu
大武郵局,臺東縣,Dawu
大湖郵局,苗栗縣,Dahu
大溪郵局,桃園市,Daxi
大甲幼獅郵局,臺中市,Dajia Youshi
大甲日南郵局,臺中市,Dajia Rihnan
大甲郵局,臺中市,Dajia
大社郵局,高雄市,Dashe
大肚追分郵局,臺中市,Dadu Zhuifen
大肚郵局,臺中市,Dadu
大里仁化郵局,臺中市,Dali Renhua
大里永隆郵局,臺中市,Dali Yonglong
大里郵局,臺中市,Dali
大雅清泉崗郵局,臺中市,Daya Qingquangang
大雅郵局,臺中市,Daya
太保嘉太郵局,嘉義縣,Taibao Jiatai
太保郵局,嘉義縣,Taibao
太平宜欣郵局,臺中市,Taiping Yixin
太平竹仔坑郵局,臺中市,Taiping Zhuzaikeng
太平郵局,臺中市,Taiping
太麻里郵局,臺東縣,Taimali
學甲郵局,臺南市,Xuejia
安定郵局,臺南市,Anding
官田工業區郵局,臺南市,Guantian Industrial Park
官田隆田郵局,臺南市,Guantian Longtian
宜蘭中山路郵局,宜蘭縣,Yilan Zhongshan Road
宜蘭大學郵局,宜蘭縣,Yilan University
宜蘭東港路郵局,宜蘭縣,Yilan Donggang Road
宜蘭金六結郵局,宜蘭縣,Yilan Jinliujie
富里東里郵局,花蓮縣,Fuli Dongli
富里郵局,花蓮縣,Fuli
寶山大崎郵局,新竹縣,Baoshan Daqi
寶山郵局,新竹縣,Baoshan
將軍郵局,臺南市,Jiangjun
小港機場郵局,高雄市,Xiaogang Airport
小港郵局,高雄市,Xiaogang
尖石郵局,新竹縣,Jianshi
屏東中正路郵局,屏東縣,Pingtung zhongzheng Road
屏東公館郵局,屏東縣,Pingtung Gongguan
屏東勝利路郵局,屏東縣,Pingtung Shengli Road
屏東北平路郵局,屏東縣,Pingtung Beiping Road
屏東廣東路郵局,屏東縣,Pingtung Guangdong Road
屏東林森路郵局,屏東縣,Pingtung Linsen Road
屏東歸來郵局,屏東縣,Pingtung Guilai
屏東民生路郵局,屏東縣,Pingtung Minsheng Road
屏東頭前溪郵局,屏東縣,Pingtung Touqianxi
山上郵局,臺南市,Shanshang
岡山仁壽路郵局,高雄市,Gangshan Renshou Road
岡山郵局,高雄市,Gangshan
峨眉郵局,新竹縣,Emei
崁頂郵局,屏東縣,Kanding
崙背郵局,雲林縣,Lunbei
左營南站郵局,高雄市,Zuoying Nanzhan
左營新莊仔郵局,高雄市,Zuoying Xinzhuangzai
左營果貿郵局,高雄市,Zuoying Guomao
左營榮總郵局,高雄市,Zuoying Veterans General Hospital
左營菜公郵局,高雄市,Zuoyin Caigong
左營郵局,高雄市,Zuoying
左鎮郵局,臺南市,Zuozhen
布袋大寮郵局,嘉義縣,Budai Daliao
布袋郵局,嘉義縣,Budai
平鎮北勢郵局,桃園市,Pingzhen Beisli
平鎮南勢郵局,桃園市,Pingzhen Nanshi
平鎮山仔頂郵局,桃園市,Pingzhen Shanziding
平鎮廣明郵局,桃園市,Pingzhen Guangming
平鎮郵局,桃園市,Pingzhen
平鎮金陵郵局,桃園市,Pingzhen Jinling
平鎮高雙郵局,桃園市,Pingzhen Gaoshuang
彌陀郵局,高雄市,Mituo
彰化中央路郵局,彰化縣,Changhua Zhongyang Road
彰化光復路郵局,彰化縣,Changhua Guangfu Road
彰化師大郵局,彰化縣,National Changhua University of Education
後壁菁寮郵局,臺南市,Houbi Jingliao
後壁郵局,臺南市,Houbi
後龍郵局,苗栗縣,Houlong
恆春南門郵局,屏東縣,Hengchun Nanmen
恆春郵局,屏東縣,Hengchun
成功大學郵局,臺南市,National Cheng Kung University Tainan
成功郵局,臺東縣,Chenggong
政大郵局,臺北市,National Chengchi University
文化大學郵局,臺北市,Chinese Culture University
文山指南郵局,臺北市,Wenshan Zhinan
文山景美郵局,臺北市,Wenshan Jingmei
文山木新郵局,臺北市,Wenshan Muxin
文山武功郵局,臺北市,Wenshan Wugong
文山溝子口郵局,臺北市,Wenshan Gouzikou
文山興隆路郵局,臺北市,Wenshan Xinglong Rd.
文山萬盛郵局,臺北市,Wenshan Wansheng
文山萬美街郵局,臺北市,Wenshan Wanmei St.
文山萬芳郵局,臺北市,Wenshan Wanfang
斗六大崙郵局,雲林縣,Douliu Dalun
斗六石榴郵局,雲林縣,Douliu Shiliu
斗六西平路郵局,雲林縣,Douliu Xiping Rd.
斗六鎮北郵局,雲林縣,Douliou Zhenbei
斗南郵局,雲林縣,Dounan
新化中山路郵局,臺南市,Xinhua Zhongshan Road
新化郵局,臺南市,Xinhua
新北市政府郵局,新北市,NewTaipei City Government
新園郵局,屏東縣,Xinyuan
新城北埔郵局,花蓮縣,Xincheng Beibu
新城郵局,花蓮縣,Xincheng
新埔郵局,新竹縣,Xinpu
新埤郵局,屏東縣,Xinpi
新屋永安郵局,桃園市,Xinwu Yong-an
新屋郵局,桃園市,Xinwu
新市南科園區郵局,臺南市,Xinshih Southern Taiwan Science Park
新市大營郵局,臺南市,Xinshi Daying
新市郵局,臺南市,Xinshi
新店中央郵局,新北市,Xindian Zhongyang
新店中正郵局,新北市,Xindian Zhongzheng
新店五城郵局,新北市,Xindian Wucheng
新店五峰郵局,新北市,Xindian Wufeng
新店公崙郵局,新北市,Xindian Gonglun
新店十四份郵局,新北市,Xindian Shisifen
新店大坪林郵局,新北市,Xindian Dapinglin
新店寶橋郵局,新北市,Xindian Baoqiao
新店檳榔路郵局,新北市,Xindian Binlang Road
新店水尾郵局,新北市,Xindian Shuiwei
新店永安郵局,新北市,Xindian Yong-an
新店玫瑰城郵局,新北市,Xindian Meiguicheng
新店碧潭郵局,新北市,Xindian Bitan
新店郵局,新北市,Xindian
新店雙城郵局,新北市,Xindian Shuangcheng
新店頂城郵局,新北市,Xindian Dingcheng
新店龜山郵局,新北市,Xindian Guishan
新港郵局,嘉義縣,Xingang
新營太子宮郵局,臺南市,Xinying Taizigong
新營民治路郵局,臺南市,Xinying Minzhi Road
新營郵局,臺南市,Xinying
新社中興嶺郵局,臺中市,Xinshe Zhongxingling
新社郵局,臺中市,Xinshe
新竹三姓橋郵局,新竹市,Hsinchu Sanxingqiao
新竹光華街郵局,新竹市,Hsinchu Guanghua Street
新竹內湖路郵局,新竹市,Hsinchu Neihu Road
新竹南寮郵局,新竹市,Nanliao
新竹建中郵局,新竹市,Hsinchu Jianzhong
新竹文雅郵局,新竹市,Hsinchu Wenya
新竹東門郵局,新竹市,Hsinchu Dongmen
新竹樹林頭郵局,新竹市,Hsinchu Shulintou
新竹武昌街郵局,新竹市,Hsinchu Wuchang Street
新竹牛埔郵局,新竹市,Hsinchu Niupu
新竹科學園郵局,新竹市,Hsinchu Science Park
新竹西門郵局,新竹市,Hsinchu Ximen
新竹陽明交大郵局,新竹市,Hsinchu National Yang Ming Chiao Tung University
新興郵局,高雄市,Xinxing
新莊中港郵局,新北市,Xinzhuang Zhonggang
新莊丹鳳郵局,新北市,Xinzhuang Danfeng
新莊五工郵局,新北市,Xinzhuang Wugong
新莊副都心郵局,新北市,Xinzhuang Fuduxin
新莊化成路郵局,新北市,Xinzhuang Huacheng Road
新莊幸福郵局,新北市,Xinzhuang Xingfu
新莊後港路郵局,新北市,Xinzhuang Hougang Road
新莊思源路郵局,新北市,Xinzhuang Siyuan Road
新莊新泰路郵局,新北市,Xinzhuang Xintai Road
新莊昌盛郵局,新北市,Xinzhuang Changsheng
新莊民安郵局,新北市,Xinzhuang Minan
新莊西盛郵局,新北市,Xinzhuang Xisheng
新莊郵局,新北市,Xinzhuang
新莊龍鳳郵局,新北市,Xinzhuang Longfeng
新豐山崎郵局,新竹縣,Xinfeng Shanqi
新豐郵局,新竹縣,Xinfeng
旗山旗尾郵局,高雄市,Qishan Qiwei
旗山郵局,高雄市,Qishan
旗津郵局,高雄市,Qijin
明志科大郵局,新北市,Mingchi University of Technology
木柵郵局,臺北市,Muzha
朴子祥和郵局,嘉義縣,Puzi Xianghe
朴子郵局,嘉義縣,Puzi
朴子長庚醫院郵局,嘉義縣,Puzi Chang-geng Menorial Hospital
東勢厝郵局,雲林縣,Dongshicuo
東勢郵局,臺中市,Dongshi
東吳大學郵局,臺北市,Soochow University
東山郵局,臺南市,Dongshan
東河泰源郵局,臺東縣,Donghe Taiyuan
東河都蘭郵局,臺東縣,Donghe Dulan
東港中正路郵局,屏東縣,Donggang Zhongzheng Road
東港郵局,屏東縣,Donggang
松山機場郵局,臺北市,Songshan Airport
板橋三民路郵局,新北市,Banqiao Sanmin Road
板橋中正路郵局,新北市,Banqiao Zhongzheng Road
板橋光復橋郵局,新北市,Banqiao Guangfu Bridge
板橋八甲郵局,新北市,Banqiao Bajia
板橋南雅郵局,新北市,Banqiao Nanya
板橋國慶郵局,新北市,Banqiao Guoqing
板橋埔墘郵局,新北市,Banqiao Puqian
板橋大觀路郵局,新北市,Banqiao Daguan Road
板橋後埔郵局,新北市,Banqiao Houpu
板橋文化路郵局,新北市,Banqiao Wenhua Road
板橋新海郵局,新北市,Banqiao Xinhai
板橋民族路郵局,新北市,Banqiao Minzu Road
板橋江翠郵局,新北市,Banqiao Jiangcui
板橋海山郵局,新北市,Banqiao Haishan
板橋港尾郵局,新北市,Banqiao Gangwei
板橋溪崑郵局,新北市,Banqiao Xikun
板橋漢生郵局,新北市,Banqiao Hansheng
板橋站前郵局,新北市,Banqiao Railway Station Front
板橋莒光郵局,新北市,Banqiao Juguang
枋寮水底寮郵局,屏東縣,Fangliao Shuidiliao
枋寮郵局,屏東縣,Fangliao
枋山郵局,屏東縣,Fangshan
林內郵局,雲林縣,Linnei
林口中正路郵局,新北市,Linkou Zhongzheng Road
林口中湖頭郵局,新北市,Linkou Zhonghutou
林口台師大郵局,新北市,Linkou National Taiwan Normal University New Taipei
林口國宅郵局,新北市,Linkou Public Housing Community
林口郵局,新北市,Linkou
林園郵局,高雄市,Linyuan
林邊郵局,屏東縣,Linbian
柳營郵局,臺南市,Liuying
柳營重溪郵局,臺南市,Liuying Zhongxi
桃園中路郵局,桃園市,Taoyuan Zhonglu
桃園南門郵局,桃園市,Taoyuan Nanmen
桃園大業郵局,桃園市,Taoyuan Daye
桃園客家文化館郵局,桃園市,Taoyuan City Hakka Cultural Center
桃園慈文郵局,桃園市,Taoyuan Ciwen
桃園成功路郵局,桃園市,Taoyuan Chenggong Road
桃園東埔郵局,桃園市,Taoyuan Dongpu
桃園民生路郵局,桃園市,Taoyuan Minsheng Road
桃園水汴頭郵局,桃園市,Taoyuan Shuibiantou
桃源郵局,高雄市,Taoyuan
梅山郵局,嘉義縣,Meishan
梓官郵局,高雄市,Ziguan
梧棲郵局,臺中市,Wuqi
楊梅埔心里郵局,桃園市,Yangmei Puxinli
楊梅大同郵局,桃園市,Yangmei Datong
楊梅富岡郵局,桃園市,Yangmei Fugang
楊梅幼工郵局,桃園市,Yangmei Yougong
楊梅瑞塘郵局,桃園市,Yangmei Ruitang
楊梅郵局,桃園市,Yangmei
楊梅高榮郵局,桃園市,Yangmei Gaorong
楠梓亞洲城郵局,高雄市,Nanzi Asian Town Community
楠梓右昌郵局,高雄市,Nanzi Youchang
楠梓後勁郵局,高雄市,Nanzih Houjin
楠梓科技園區郵局,高雄市,Nanzih Technology industrial Park
楠梓莒光郵局,高雄市,Nanzi Juguang
楠梓藍田郵局,高雄市,Nanzi Lantian
楠梓郵局,高雄市,Nanzi
楠西郵局,臺南市,Nanxi
樹林三多郵局,新北市,Shulin Sanduo
樹林大同郵局,新北市,Shulin Datong
樹林山佳郵局,新北市,Shulin Shanjia
樹林柑園郵局,新北市,Shulin Ganyuan
樹林樹新路郵局,新北市,Shulin Shuxin Road
樹林育英街郵局,新北市,Shulin Yuying Street
樹林迴龍郵局,新北市,Shulin Huilong
樹林郵局,新北市,Shulin
樹林鎮前街郵局,新北市,Shulin Zhenqian Street
橋頭郵局,高雄市,Qiaotou
橫山郵局,新竹縣,Hengshan
歸仁郵局,臺南市,Guiren
民雄郵局,嘉義縣,Minxiong
民雄雙福郵局,嘉義縣,Minxiong Shuangfu
水上中庄郵局,嘉義縣,Shuishang Zhongzhuang
水上南靖郵局,嘉義縣,Shuishang Nanjing
水上郵局,嘉義縣,Shuishang
水林郵局,雲林縣,Shuilin
水里郵局,南投縣,Shuili
永和中山路郵局,新北市,Yonghe Zhongshan Road
永和中正路郵局,新北市,Yonghe Zhongzheng Road
永和永貞郵局,新北市,Yonghe Yongzhen
永和福和郵局,新北市,Yonghe Fuhe
永和秀朗郵局,新北市,Yonghe Xiulang
永和郵局,新北市,Yonghe
永安竹仔港郵局,高雄市,Yongan Zhuzaigang
永安郵局,高雄市,Yongan
永康二王郵局,臺南市,Yongkang Erwang
永康大橋郵局,臺南市,Yongkang Daciao
永康崑山郵局,臺南市,Yongkang Kunshan
永康王行郵局,臺南市,Yongkang Wanghung
永康網寮郵局,臺南市,Yongkang Wangliao
永康郵局,臺南市,Yongkang
永靖郵局,彰化縣,Yongjing
汐止南昌郵局,新北市,Xizhi Nanchang
汐止厚德郵局,新北市,Xizhi Houde
汐止建成路郵局,新北市,Xizhi Jiancheng Road
汐止樟樹灣郵局,新北市,Xizhi Zhangshuwan
汐止社后郵局,新北市,Xizhi Shehou
汐止郵局,新北市,Xizhi
汐止龍安郵局,新北市,Xizhi Longan
池上郵局,臺東縣,Chihshang
沙鹿郵局,臺中市,Shalu
泰安郵局,苗栗縣,Tai-an
泰山同榮郵局,新北市,Taishan Tongrong
泰山貴子路郵局,新北市,Taishan Guizi Road
泰山郵局,新北市,Taishan
海洋大學郵局,基隆市,National Taiwan Ocean University
淡水中興郵局,新北市,Tamsui Zhongxing
淡水崁頂郵局,新北市,Tamsui kanding
淡水水碓郵局,新北市,Tamsui Shuidui
淡水竹圍郵局,新北市,Tamsui Zhuwei
淡水郵局,新北市,Tamsui
淡江大學郵局,新北市,Tamkang University
深坑草地尾郵局,新北市,Shenkeng Caodiwei
深坑郵局,新北市,Shenkeng
清水郵局,臺中市,Qingshui
清華大學郵局,新竹市,National Tsinghua University
湖內郵局,高雄市,Hunei
湖口新工郵局,新竹縣,Hukou Xingong
湖口郵局,新竹縣,Hukou
湖口鳳凰郵局,新竹縣,Hukou Fenghuang
湖西郵局,澎湖縣,Huxi
溪口郵局,嘉義縣,Xikou
溪州郵局,彰化縣,Xizhou
溪湖郵局,彰化縣,Xihu
滿州郵局,屏東縣,Manzhou
潭子加工區郵局,臺中市,Tanzi Export Processing Zone
潭子潭北郵局,臺中市,Tanzi Tanbei
潭子郵局,臺中市,Tanzi
潭子頭家厝郵局,臺中市,Tanzi Toujiacuo
潮州郵局,屏東縣,Chaozhou
烏日郵局,臺中市,Wuri
燕巢郵局,高雄市,Yanchao
獅潭郵局,苗栗縣,Shitan
玉井郵局,臺南市,Yujing
玉里郵局,花蓮縣,Yuli
琉球郵局,屏東縣,Liuqiu
瑞穗富源郵局,花蓮縣,Ruisui Fuyuan
瑞穗郵局,花蓮縣,Ruisui
瑞芳九份郵局,新北市,Ruifang Jiufen
瑞芳郵局,新北市,Ruifang
瑞芳金瓜石郵局,新北市,Ruifang Jinguashi
田中郵局,彰化縣,Tianzhong
田尾郵局,彰化縣,Tianwei
甲仙郵局,高雄市,Jiaxian
番路郵局,嘉義縣,Fanlu
白沙郵局,澎湖縣,Baisha
白河仙草埔郵局,臺南市,Baihe Xiancaopu
白河郵局,臺南市,Baihe
石岡郵局,臺中市,Shigang
石碇華梵大學郵局,新北市,Shiding Huafan University
石碇郵局,新北市,Shiding
石門郵局,新北市,Shimen
礁溪湯仔城郵局,宜蘭縣,Jiaoxi Tangzaicheng
礁溪郵局,宜蘭縣,Jiaoxi
社頭郵局,彰化縣,Shetou
神岡社口郵局,臺中市,Shengang Shekou
神岡郵局,臺中市,Shengang
福興福工郵局,彰化縣,Fuxing Fugong
福興郵局,彰化縣,Fuxing
秀林和平郵局,花蓮縣,Xiulin Heping
秀水郵局,彰化縣,Xiushui
立法院郵局,臺北市,Legislative Yuan
竹北光明郵局,新竹縣,Zhubei Guangming
竹北六家郵局,新竹縣,Zhubei Liujia
竹北博愛郵局,新竹縣,Zhubei Boai
竹北郵局,新竹縣,Zhubei
竹南郵局,苗栗縣,Zhunan
竹塘郵局,彰化縣,Zhutang
竹山郵局,南投縣,zhushan
竹崎內埔郵局,嘉義縣,Zhuqi Neipu
竹崎灣橋郵局,嘉義縣,Zhuqi Wanqiao
竹崎郵局,嘉義縣,Zhuqi
竹東二重埔郵局,新竹縣,Zhudong Erchongpu
竹東工研院郵局,新竹縣,Zhudong Industrial Technology Research Institute
竹東郵局,新竹縣,Zhudong
竹東長春郵局,新竹縣,Zhudong Changchun
竹田郵局,屏東縣,Zhutian
綠島郵局,臺東縣,Ludao
線西郵局,彰化縣,Xianxi
羅東南門郵局,宜蘭縣,Luodong Nanmen
羅東郵局,宜蘭縣,Luodong
美濃郵局,高雄市,Meinong
義守大學郵局,高雄市,I-Shou University
義竹郵局,嘉義縣,Yizhu
臺中中正路郵局,臺中市,Taichung Zhongzheng Road
臺中中科郵局,臺中市,Taichung Zhongke
臺中何厝郵局,臺中市,Taichung Hecuo
臺中健行路郵局,臺中市,Taichung Jianxing Road
臺中公益路郵局,臺中市,Taichung Gongyi Road
臺中力行路郵局,臺中市,Taichung Lixing Road
臺中北屯郵局,臺中市,Taichung Beitun
臺中南和路郵局,臺中市,Taichung Nanhe Road
臺中南屯路郵局,臺中市,Taichung Nantun Road
臺中向上郵局,臺中市,Taichung Xiangshang
臺中四張犁郵局,臺中市,Taichung Sizhangli
臺中國光路郵局,臺中市,Taichung Guoguang Road
臺中大全街郵局,臺中市,Taichung Daquan Street
臺中大坑口郵局,臺中市,Taichung Dakengkou
臺中大隆路郵局,臺中市,Taichung Dalong Road
臺中嶺東郵局,臺中市,Taichung Lingdong
臺中工業區郵局,臺中市,Taichung Industrial Park
臺中文心路郵局,臺中市,Taichung Wenxin Road
臺中旱溪郵局,臺中市,Taichung Hanxi
臺中東興路郵局,臺中市,Taichung Dongxing Road
臺中松竹郵局,臺中市,Taichung Songzhu
臺中民權路郵局,臺中市,Taichung Minquan Road
臺中水湳郵局,臺中市,Taichung Shuinan
臺中淡溝郵局,臺中市,Taichung Dangou
臺中港郵局,臺中市,Taichung Port
臺中福安郵局,臺中市,Taichung Fu-an
臺中福平里郵局,臺中市,Taichung Fupingli
臺中育才郵局,臺中市,Taichung Yucai
臺中臺中路郵局,臺中市,Taichung Taichung Road
臺中英才郵局,臺中市,Taichung Yingcai
臺中西屯郵局,臺中市,Taichung Xitun
臺中逢甲郵局,臺中市,Taichung Fengjia
臺中雙十路郵局,臺中市,Taichung Shuangshi Road
臺中黎明郵局,臺中市,Taichung Liming
臺北三張犁郵局,臺北市,Taipei Sanzhangli
臺北世貿郵局,臺北市,Taipei World Trade Center
臺北中山郵局,臺北市,Taipei Zhongshan
臺北中崙郵局,臺北市,Taipei Zhonglun
臺北仁愛路郵局,臺北市,Taipei Ren-ai Rd.
臺北仁杭郵局,臺北市,Taipei Renhang
臺北保安郵局,臺北市,Taipei Bao-an
臺北信維郵局,臺北市,Taipei Xinwei
臺北信義郵局,臺北市,Taipei Xinyi
臺北光復郵局,臺北市,Taipei Guangfu
臺北光武郵局,臺北市,Taipei Guangwu
臺北光華郵局,臺北市,Taipei Guanghua
臺北公館郵局,臺北市,Taipei Gongguan
臺北六張犁郵局,臺北市,Taipei Liuzhangli
臺北北安郵局,臺北市,Taipei Bei-an
臺北北門郵局,臺北市,Taipei Beimen
臺北南海郵局,臺北市,Taipei Nanhai
臺北南陽郵局,臺北市,Taipei Nanyang
臺北古亭郵局,臺北市,Taipei Guting
臺北台塑郵局,臺北市,Taipei Taisu
臺北吳興郵局,臺北市,Taipei Wuxing
臺北圓山郵局,臺北市,Taipei Yuanshan Taipei
臺北圓環郵局,臺北市,Taipei Yuanhuan
臺北大同郵局,臺北市,Taipei Datong
臺北大安郵局,臺北市,Taipei Da-an
臺北大直郵局,臺北市,Taipei Dazhi
臺北大龍峒郵局,臺北市,Taipei Dalongtong
臺北安和郵局,臺北市,Taipei Anhe
臺北市府郵局,臺北市,Taipei City Government
臺北師大郵局,臺北市,Taipei Normal University
臺北延壽郵局,臺北市,Taipei Yanshou
臺北建北郵局,臺北市,Taipei Jianbei
臺北復興橋郵局,臺北市,Taipei Fuxing Bridge
臺北成功郵局,臺北市,Taipei Chenggong
臺北敦南郵局,臺北市,Taipei Dunnan
臺北杭南郵局,臺北市,Taipei Hangnan
臺北東園郵局,臺北市,Taipei Dongyuan
臺北東門郵局,臺北市,Taipei Dongmen
臺北松山郵局,臺北市,Taipei Songshan
臺北松德郵局,臺北市,Taipei Songde
臺北松江路郵局,臺北市,Taipei Songjiang Rd.
臺北榮星郵局,臺北市,Taipei Rongxing
臺北樂群二路郵局,臺北市,Taipei Lequn 2nd Rd
臺北正義郵局,臺北市,Taipei Zhengyi
臺北民權郵局,臺北市,Taipei Minquan
臺北民生郵局,臺北市,Taipei Minsheng
臺北永吉郵局,臺北市,Taipei Yongji
臺北永春郵局,臺北市,Taipei Yongchun
臺北漢中街郵局,臺北市,Taipei Hanzhong Street
臺北老松郵局,臺北市,Taipei Laosong
臺北臺北橋郵局,臺北市,Taipei Taipei-Bridge
臺北興安郵局,臺北市,Taipei Xing-an
臺北莒光郵局,臺北市,Taipei Juguang
臺北華江橋郵局,臺北市,Taipei Huajiang Bridge
臺北萬大路郵局,臺北市,Taipei Wanda Rd.
臺北螢橋郵局,臺北市,Taipei Yingqiao
臺北西園郵局,臺北市,Taipei Xiyuan
臺北西松郵局,臺北市,Taipei Xisong
臺北迪化街郵局,臺北市,Taipei Dihua Street
臺北逸仙郵局,臺北市,Taipei Yixian
臺北金南郵局,臺北市,Taipei Jinnan
臺北長安郵局,臺北市,Taipei Chang-an
臺北長春路郵局,臺北市,Taipei Changchun Rd.
臺北陽明交大郵局,臺北市,Taipei National Yang Ming Chiao Tung University
臺北雙連郵局,臺北市,Taipei Shuanglian
臺北青年郵局,臺北市,Taipei Qingnian
臺北青田郵局,臺北市,Taipei Qingtian
臺北體育場郵局,臺北市,Taipei Stadium
臺北龍口郵局,臺北市,Taipei Longkou
臺北龍江路郵局,臺北市,Taipei Longjiang Rd.
臺南中正路郵局,臺南市,Tainan Zhongzheng Road
臺南北小北郵局,臺南市,Tainan Beixiaobei
臺南南門路郵局,臺南市,Tainan Nanmen Road
臺南原佃郵局,臺南市,Tainan Yuandian
臺南和順郵局,臺南市,Tainan Heshun
臺南地方法院郵局,臺南市,Tainan District Court
臺南大光郵局,臺南市,Tainan Daguang
臺南大同路郵局,臺南市,Tainan Datong Road
臺南安南郵局,臺南市,Tainan Annan
臺南安平郵局,臺南市,Tainan Anping
臺南安順郵局,臺南市,Tainan Anshun
臺南小東郵局,臺南市,Tainan Siaodong
臺南德高厝郵局,臺南市,Tainan Degaocuo
臺南成功路郵局,臺南市,Tainan Chenggong Road
臺南文元郵局,臺南市,Tainan Wunyuan
臺南新南郵局,臺南市,Tainan Xinnan
臺南新義郵局,臺南市,Tainan Xinyi
臺南東城郵局,臺南市,Tainan Dongcheng
臺南東寧路郵局,臺南市,Tainan Dongning Road
臺南東門郵局,臺南市,Tainan Dongmen
臺南水交社郵局,臺南市,Tainan Shueijiaoshe
臺南永樂郵局,臺南市,Tainan Yongle
臺南海佃郵局,臺南市,Tainan Haidian
臺南灣裡郵局,臺南市,Tainan Wanli
臺南育平郵局,臺南市,Tainan Yuping
臺南虎尾寮郵局,臺南市,Tainan Huweiliao
臺南西華郵局,臺南市,Tainan Xihua
臺南西門路郵局,臺南市,Tainan Ximen Road
臺南金華郵局,臺南市,Tainan Jinhua
臺南開元路郵局,臺南市,Tainan Kaiyuan Road
臺南鹽埕郵局,臺南市,Tainan Yancheng
臺大郵局,臺北市,National Taiwan University
臺東大同路郵局,臺東縣,Taitung Datong Road
臺東東方大鎮郵局,臺東縣,Taitung Dongfang Dazhen
臺東知本郵局,臺東縣,Taitung Zhihben
臺東豐榮郵局,臺東縣,Taitung Fengrong
臺東馬蘭郵局,臺東縣,Taitung malan
臺灣桃園國際機場郵局,桃園市,Taiwan Taoyuan International Airport
臺灣科大郵局,臺北市,National Taiwan University of Science and Technology
臺西郵局,雲林縣,Taixi
芎林郵局,新竹縣,Qionglin
芬園郵局,彰化縣,Fenyuan
花壇郵局,彰化縣,Huatan
花蓮下美崙郵局,花蓮縣,Hualien Xiameilun
花蓮中山路郵局,花蓮縣,Hualien Zhongshan Road
花蓮中華路郵局,花蓮縣,Hualien Zhonghua Road
花蓮南京街郵局,花蓮縣,Hualien Nanjing Street
花蓮國安郵局,花蓮縣,Hualien Guo-an
花蓮富國路郵局,花蓮縣,Hualien Fuguo Road
花蓮師院郵局,花蓮縣,National Hualien Teachers College
花蓮府前路郵局,花蓮縣,Hualien Fuqian Road
花蓮港務局郵局,花蓮縣,Hualien Harbour Bureau
芳苑郵局,彰化縣,Fangyuan
苑裡山腳郵局,苗栗縣,Yuanli Shanjiau
苑裡郵局,苗栗縣,Yuanli
苓雅郵局,高雄市,Lingya
苗栗中苗郵局,苗栗縣,Miaoli Zhongmiao
苗栗嘉盛郵局,苗栗縣,Miaoli Jiasheng
苗栗府前郵局,苗栗縣,Miaoli Fuqian
苗栗文山郵局,苗栗縣,Miaoli Wenshan
苗栗福星郵局,苗栗縣,Fuxing
茄萣郵局,高雄市,Qieding
草屯郵局,南投縣,Caotun
莿桐郵局,雲林縣,Citong
萬丹社皮郵局,屏東縣,Wandan Shepi
萬丹郵局,屏東縣,Wandan
萬巒郵局,屏東縣,Wanluan
萬里郵局,新北市,Wanli
蘆洲中原路郵局,新北市,Luzhou Zhongyuan Road
蘆洲中山路郵局,新北市,Luzhou Zhongshan Road
蘆洲光華路郵局,新北市,Luzhou Guanghua Road
蘆洲民族路郵局,新北市,Luzhou Minzu Road
蘆洲空大郵局,新北市,Luzhou National Open University
蘆洲郵局,新北市,Luzhou
蘆竹大竹郵局,桃園市,Luzhu Dazhu
蘆竹郵局,桃園市,Luzhu
蘆竹錦興郵局,桃園市,Luzhu Jinxing
蘇澳南方澳郵局,宜蘭縣,Su-ao Nanfangao
蘇澳東澳路郵局,宜蘭縣,Su-ao Dong-ao Road
蘇澳蘇西里郵局,宜蘭縣,Su-ao Suxili
蘇澳郵局,宜蘭縣,Su-ao
蘭嶼郵局,臺東縣,Lanyu
虎尾科技大學郵局,雲林縣,National Huwei University of Science and Technology
虎尾郵局,雲林縣,Huwei
行政院郵局,臺北市,Executive Yuan
褒忠郵局,雲林縣,Baozhong
西嶼郵局,澎湖縣,Xiyu
西港郵局,臺南市,Xigang
西湖郵局,苗栗縣,Xihu
西螺郵局,雲林縣,Xiluo
觀音工業區郵局,桃園市,Guanyin Industrial Park
觀音新坡郵局,桃園市,Guanyin Xinpo
觀音草漯郵局,桃園市,Guanyin Caota
觀音郵局,桃園市,Guanyin
豐原葫蘆墩郵局,臺中市,Fongyuan Huludun.
豐原郵局,臺中市,Fengyuan
豐濱郵局,花蓮縣,Fongbin
貢寮澳底郵局,新北市,Gongliao Aodi
貢寮郵局,新北市,Gongliao
路竹郵局,高雄市,Luzhu
車城郵局,屏東縣,Checheng
輔仁大學郵局,新北市,Fu Jen Catholic University
通霄白沙屯郵局,苗栗縣,Tongxiao Baishazhun
通霄郵局,苗栗縣,Tongxiao
造橋郵局,苗栗縣,Zaoqiao
達仁郵局,臺東縣,Daren
里港三和路郵局,屏東縣,Ligang Sanhe Road
里港郵局,屏東縣,Ligang
金山郵局,新北市,Jinshan
金門尚義郵局,金門縣,Jinmen Shangyi
金門烈嶼郵局,金門縣,Jinmen Lieyu
金門郵局,金門縣,Jinmen
銅鑼郵局,苗栗縣,Tongluo
長治郵局,屏東縣,Changzhi
長濱郵局,臺東縣,Changbin
關山郵局,臺東縣,Guanshan
關廟郵局,臺南市,Guanmiao
關西郵局,新竹縣,Guanxi
阿蓮郵局,高雄市,Alian
阿里山郵局,嘉義縣,Alishan
陽明山郵局,臺北市,Yangming-shan
集集郵局,南投縣,Jiji
雙溪郵局,新北市,Shuangxi
霧峰郵局,臺中市,Wufeng
頭份上公園郵局,苗栗縣,Toufen Shanggongyuan
頭份斗煥郵局,苗栗縣,Toufen Douhuan
頭份郵局,苗栗縣,Toufen
頭城郵局,宜蘭縣,Toucheng
馬公中正路郵局,澎湖縣,Magong Zhongzheng Road
馬公鎖港郵局,澎湖縣,Magong Suogang
高樹郵局,屏東縣,Gaoshu
高雄中林子郵局,高雄市,Kaohsiung Zhonglinzi
高雄中鋼郵局,高雄市,Kaohsiung China Steel Corporation
高雄九如二路郵局,高雄市,Kaohsiung Jiuru 2nd Road
高雄二苓郵局,高雄市,Kaohsiung Erling
高雄佛公郵局,高雄市,Kaohsiung fo gong
高雄內惟郵局,高雄市,Kaohsiung Neiwei
高雄凹仔底郵局,高雄市,Kaohsiung Aozaidi
高雄前峰郵局,高雄市,Kaohsiung Qianfeng
高雄博愛路郵局,高雄市,Kaohsiung Bo-ai Road
高雄大學郵局,高雄市,National University of Kaohsiung
高雄宏平郵局,高雄市,Kaohsiung Hongping
高雄崗山仔郵局,高雄市,Kaohsiung Gangshanzai
高雄師大郵局,高雄市,National Kaohsiung Normal University
高雄府北郵局,高雄市,Kaohsiung Fubei
高雄廣澤郵局,高雄市,Kaohsiung Guangze
高雄文化中心郵局,高雄市,Kaohsiung Cultural Center
高雄新田郵局,高雄市,Kaohsiung Xintian
高雄桂林郵局,高雄市,Kaohsiung Guilin
高雄武廟郵局,高雄市,Kaohsiung Wumiao
高雄民壯郵局,高雄市,Kaohsiung Minzhuang
高雄民族社區郵局,高雄市,Kaohsiung Minzu Community
高雄灣仔內郵局,高雄市,Kaohsiung Wanzainei
高雄瑞豐郵局,高雄市,Kaohsiung Ruifeng
高雄站前郵局,高雄市,Kaohsiung Railway Station Front
高雄站後郵局,高雄市,Kaohsiung Railway Station Rear
高雄籬仔內郵局,高雄市,Kaohsiung Lizainei
高雄義民郵局,高雄市,Kaohsiung Yimin
高雄西甲郵局,高雄市,Kaohsiung Xijia
高雄醫學大學郵局,高雄市,Kaohsiung Medical University
高雄鼎泰郵局,高雄市,Kaohsiung Dingtai
高雄鼎金郵局,高雄市,Kaohsiung Dingjin
高雄鼓岩郵局,高雄市,Kaohsiung Guyan
魚池郵局,南投縣,Yuchi
鳥松長庚醫院郵局,高雄市,Niaosong Chang-Gung Memorial Hospital
鳳山三民路郵局,高雄市,Fengshan Sanmin Road
鳳山五甲郵局,高雄市,Fengshan Wujia
鳳山新富郵局,高雄市,Fengshan Xinfu
鳳山郵局,高雄市,Fengshan
鳳山鳳松路郵局,高雄市,Fengshan Fengsong Road
鳳林萬榮郵局,花蓮縣,Fenglin Wanrong
鳳林郵局,花蓮縣,Fenglin
鶯歌永昌郵局,新北市,Yingge Yongchang
鶯歌郵局,新北市,Yingge
鹽埔郵局,屏東縣,Yanpu
鹽埕郵局,高雄市,Yancheng
鹽水郵局,臺南市,Yanshui
鹿港郵局,彰化縣,Lugang
鹿草郵局,嘉義縣,Lucao
鹿谷郵局,南投縣,Lugu
鹿野郵局,臺東縣,Luye
麟洛郵局,屏東縣,Linluo
麥寮工業區郵局,雲林縣,Mailiao Industrial Park
麥寮橋頭郵局,雲林縣,Mailiao Qiaotou
麥寮郵局,雲林縣,Mailiao
麻豆郵局,臺南市,Madou
鼓山郵局,高雄市,Gushan
龍井新庄郵局,臺中市,Longjing Xinzhuang
龍井郵局,臺中市,Longjing
龍潭南龍郵局,桃園市,Longtan Nanlong
龍潭國原院郵局,桃園市,Longtan National Atomic Research Institute
龍潭郵局,桃園市,Longtan
龍潭高原郵局,桃園市,Longtan Gaoyuan
龜山大崗郵局,桃園市,Guishan Dagang
龜山文化郵局,桃園市,Guishan wenhua
龜山民安街郵局,桃園市,Guishan Min-an Street
龜山迴龍郵局,桃園市,Guishan Huilong
龜山郵局,桃園市,Guishan
